season,name,balls_faced,boundary_count,boundary_percent
2007/08,A Chopra,55,5,9.09
2007/08,A Kumble,17,1,5.88
2007/08,A Mishra,42,3,7.14
2007/08,A Mukund,1,0,0.0
2007/08,A Nehra,13,0,0.0
2007/08,A Symonds,111,24,21.62
2007/08,AA Noffke,12,1,8.33
2007/08,AB Agarkar,49,7,14.29
2007/08,AB Dinda,4,0,0.0
2007/08,AB de Villiers,100,6,6.0
2007/08,AC Gilchrist,328,70,21.34
2007/08,AD Mascarenhas,8,1,12.5
2007/08,AM Nayar,142,25,17.61
2007/08,AM Rahane,19,1,5.26
2007/08,AS Yadav,40,7,17.5
2007/08,Abdur Razzak,2,0,0.0
2007/08,B Akhil,32,7,21.88
2007/08,B Chipli,30,3,10.0
2007/08,B Lee,14,3,21.43
2007/08,BB McCullum,96,28,29.17
2007/08,BJ Hodge,18,2,11.11
2007/08,CK Kapugedera,24,0,0.0
2007/08,CL White,105,12,11.43
2007/08,CRD Fernando,1,0,0.0
2007/08,D Kalyankrishna,8,0,0.0
2007/08,D Salunkhe,24,5,20.83
2007/08,DB Das,95,14,14.74
2007/08,DB Ravi Teja,85,15,17.65
2007/08,DJ Bravo,137,24,17.52
2007/08,DJ Hussey,267,36,13.48
2007/08,DJ Thornely,54,4,7.41
2007/08,DNT Zoysa,9,1,11.11
2007/08,DP Vijaykumar,1,0,0.0
2007/08,DPMD Jayawardene,138,22,15.94
2007/08,DR Smith,41,6,14.63
2007/08,DS Kulkarni,17,0,0.0
2007/08,DS Lehmann,19,3,15.79
2007/08,DT Patil,13,1,7.69
2007/08,DW Steyn,5,0,0.0
2007/08,G Gambhir,394,76,19.29
2007/08,GC Smith,375,62,16.53
2007/08,GD McGrath,5,1,20.0
2007/08,H Das,5,0,0.0
2007/08,HH Gibbs,159,25,15.72
2007/08,Harbhajan Singh,17,4,23.53
2007/08,I Sharma,11,1,9.09
2007/08,IK Pathan,120,15,12.5
2007/08,Iqbal Abdulla,2,0,0.0
2007/08,J Arunkumar,24,5,20.83
2007/08,JA Morkel,168,32,19.05
2007/08,JDP Oram,13,2,15.38
2007/08,JH Kallis,188,27,14.36
2007/08,JR Hopes,152,35,23.03
2007/08,Joginder Sharma,11,2,18.18
2007/08,K Goel,79,11,13.92
2007/08,KC Sangakkara,207,49,23.67
2007/08,KD Karthik,108,17,15.74
2007/08,Kamran Akmal,78,21,26.92
2007/08,L Balaji,5,0,0.0
2007/08,L Ronchi,34,7,20.59
2007/08,LA Pomersbach,101,22,21.78
2007/08,LPC Silva,27,6,22.22
2007/08,LR Shukla,127,22,17.32
2007/08,LRPL Taylor,85,23,27.06
2007/08,M Kaif,176,20,11.36
2007/08,M Kartik,28,3,10.71
2007/08,M Muralitharan,3,0,0.0
2007/08,M Ntini,19,2,10.53
2007/08,M Rawat,39,4,10.26
2007/08,MA Khote,22,3,13.64
2007/08,MEK Hussey,100,23,23.0
2007/08,MF Maharoof,79,17,21.52
2007/08,MK Pandey,10,0,0.0
2007/08,MK Tiwary,87,16,18.39
2007/08,ML Hayden,135,30,22.22
2007/08,MM Patel,1,0,0.0
2007/08,MS Dhoni,319,53,16.61
2007/08,MS Gony,25,5,20.0
2007/08,MV Boucher,181,30,16.57
2007/08,Misbah-ul-Haq,82,16,19.51
2007/08,Mohammad Asif,6,0,0.0
2007/08,Mohammad Hafeez,84,9,10.71
2007/08,NK Patel,83,14,16.87
2007/08,P Kumar,100,16,16.0
2007/08,PA Patel,315,45,14.29
2007/08,PJ Sangwan,5,0,0.0
2007/08,PM Sarvesh Kumar,2,0,0.0
2007/08,PP Chawla,61,13,21.31
2007/08,PP Ojha,4,0,0.0
2007/08,PR Shah,38,4,10.53
2007/08,Pankaj Singh,8,0,0.0
2007/08,R Bhatia,28,4,14.29
2007/08,R Dravid,299,46,15.38
2007/08,R Vinay Kumar,28,3,10.71
2007/08,RA Jadeja,108,17,15.74
2007/08,RG Sharma,276,57,20.65
2007/08,RP Singh,25,3,12.0
2007/08,RR Powar,21,5,23.81
2007/08,RR Raje,9,1,11.11
2007/08,RR Sarwan,78,7,8.97
2007/08,RT Ponting,53,3,5.66
2007/08,RV Uthappa,291,43,14.78
2007/08,S Anirudha,8,0,0.0
2007/08,S Badrinath,138,29,21.01
2007/08,S Chanderpaul,33,4,12.12
2007/08,S Dhawan,308,43,13.96
2007/08,S Sohal,8,0,0.0
2007/08,S Sreesanth,3,0,0.0
2007/08,S Vidyut,115,24,20.87
2007/08,SA Asnodkar,241,49,20.33
2007/08,SB Bangar,49,4,8.16
2007/08,SB Joshi,16,0,0.0
2007/08,SB Styris,124,11,8.87
2007/08,SC Ganguly,324,48,14.81
2007/08,SD Chitnis,10,2,20.0
2007/08,SE Marsh,452,85,18.81
2007/08,SK Raina,304,53,17.43
2007/08,SK Trivedi,12,0,0.0
2007/08,SK Warne,60,9,15.0
2007/08,SM Katich,72,13,18.06
2007/08,SM Pollock,116,20,17.24
2007/08,SP Fleming,171,30,17.54
2007/08,SP Goswami,86,10,11.63
2007/08,SR Tendulkar,189,28,14.81
2007/08,SR Watson,322,66,20.5
2007/08,SS Tiwary,20,4,20.0
2007/08,ST Jayasuriya,333,88,26.43
2007/08,Salman Butt,172,32,18.6
2007/08,Shahid Afridi,46,13,28.26
2007/08,Shoaib Akhtar,8,0,0.0
2007/08,Shoaib Malik,49,5,10.2
2007/08,Sohail Tanvir,31,4,12.9
2007/08,T Kohli,16,1,6.25
2007/08,T Taibu,26,3,11.54
2007/08,TM Dilshan,79,17,21.52
2007/08,TM Srivastava,10,0,0.0
2007/08,U Kaul,1,0,0.0
2007/08,Umar Gul,19,6,31.58
2007/08,V Kohli,168,22,13.1
2007/08,V Sehwag,229,67,29.26
2007/08,VRV Singh,3,1,33.33
2007/08,VS Yeligati,2,0,0.0
2007/08,VVS Laxman,134,23,17.16
2007/08,VY Mahesh,28,0,0.0
2007/08,W Jaffer,110,15,13.64
2007/08,WA Mota,28,2,7.14
2007/08,WP Saha,119,19,15.97
2007/08,WPUJC Vaas,18,1,5.56
2007/08,Y Venugopal Rao,217,37,17.05
2007/08,YK Pathan,253,68,26.88
2007/08,YV Takawale,69,9,13.04
2007/08,Younis Khan,7,0,0.0
2007/08,Yuvraj Singh,191,43,22.51
2007/08,Z Khan,43,4,9.3
2009,A Chopra,20,2,10.0
2009,A Flintoff,57,7,12.28
2009,A Kumble,20,2,10.0
2009,A Mishra,20,4,20.0
2009,A Nehra,1,0,0.0
2009,A Singh,3,0,0.0
2009,A Symonds,171,26,15.2
2009,AA Bilakhia,84,5,5.95
2009,AB Agarkar,58,6,10.34
2009,AB Dinda,3,0,0.0
2009,AB McDonald,4,0,0.0
2009,AB de Villiers,359,51,14.21
2009,AC Gilchrist,337,83,24.63
2009,AD Mascarenhas,39,4,10.26
2009,AD Mathews,14,2,14.29
2009,AM Nayar,155,21,13.55
2009,AM Rahane,128,15,11.72
2009,AN Ghosh,8,1,12.5
2009,AS Raut,65,8,12.31
2009,B Akhil,16,2,12.5
2009,B Lee,35,3,8.57
2009,BAW Mendis,1,0,0.0
2009,BB McCullum,248,39,15.73
2009,BJ Hodge,317,43,13.56
2009,C Nanda,1,0,0.0
2009,CH Gayle,159,28,17.61
2009,D du Preez,13,0,0.0
2009,DA Warner,137,21,15.33
2009,DB Ravi Teja,71,7,9.86
2009,DJ Bravo,211,23,10.9
2009,DJ Hussey,61,13,21.31
2009,DL Vettori,32,3,9.38
2009,DPMD Jayawardene,172,24,13.95
2009,DR Smith,134,27,20.15
2009,DS Kulkarni,18,0,0.0
2009,DW Steyn,3,0,0.0
2009,FH Edwards,5,0,0.0
2009,G Gambhir,283,34,12.01
2009,GC Smith,222,28,12.61
2009,GJ Bailey,40,7,17.5
2009,GR Napier,16,1,6.25
2009,HH Gibbs,344,44,12.79
2009,Harbhajan Singh,57,11,19.3
2009,I Sharma,13,2,15.38
2009,IK Pathan,164,23,14.02
2009,J Botha,42,5,11.9
2009,JA Morkel,73,12,16.44
2009,JD Ryder,49,9,18.37
2009,JDP Oram,94,9,9.57
2009,JH Kallis,349,45,12.89
2009,JP Duminy,334,37,11.08
2009,Joginder Sharma,18,1,5.56
2009,K Goel,140,13,9.29
2009,KC Sangakkara,332,34,10.24
2009,KD Karthik,224,29,12.95
2009,KP Appanna,1,0,0.0
2009,KP Pietersen,89,10,11.24
2009,KV Sharma,3,0,0.0
2009,Kamran Khan,5,0,0.0
2009,L Balaji,10,0,0.0
2009,L Ronchi,3,0,0.0
2009,LA Carseldine,71,11,15.49
2009,LA Pomersbach,49,4,8.16
2009,LR Shukla,86,8,9.3
2009,LRPL Taylor,211,35,16.59
2009,M Kartik,20,0,0.0
2009,M Manhas,65,8,12.31
2009,M Morkel,9,1,11.11
2009,M Muralitharan,8,1,12.5
2009,M Rawat,20,1,5.0
2009,M Vijay,69,6,8.7
2009,MC Henriques,40,3,7.5
2009,MF Maharoof,21,0,0.0
2009,MK Pandey,120,21,17.5
2009,MK Tiwary,13,1,7.69
2009,ML Hayden,409,82,20.05
2009,MM Patel,26,5,19.23
2009,MN van Wyk,135,20,14.81
2009,MS Dhoni,270,31,11.48
2009,MS Gony,7,2,28.57
2009,MV Boucher,121,14,11.57
2009,Mashrafe Mortaza,2,0,0.0
2009,Mohammad Ashraful,12,0,0.0
2009,NK Patel,41,1,2.44
2009,NV Ojha,145,22,15.17
2009,P Kumar,46,7,15.22
2009,PA Patel,131,21,16.03
2009,PC Valthaty,12,1,8.33
2009,PJ Sangwan,10,0,0.0
2009,PP Chawla,39,3,7.69
2009,PP Ojha,7,0,0.0
2009,PR Shah,54,6,11.11
2009,Pankaj Singh,2,0,0.0
2009,R Ashwin,15,1,6.67
2009,R Bhatia,18,1,5.56
2009,R Bishnoi,17,3,17.65
2009,R Dravid,239,31,12.97
2009,R Vinay Kumar,44,5,11.36
2009,RA Jadeja,276,27,9.78
2009,RE van der Merwe,101,16,15.84
2009,RG Sharma,323,40,12.38
2009,RJ Harris,18,0,0.0
2009,RJ Quiney,105,15,14.29
2009,RP Singh,17,0,0.0
2009,RR Powar,22,2,9.09
2009,RR Raje,9,1,11.11
2009,RS Bopara,124,15,12.1
2009,RV Uthappa,177,21,11.86
2009,S Badrinath,166,24,14.46
2009,S Dhawan,46,3,6.52
2009,S Sohal,102,17,16.67
2009,S Sreesanth,19,1,5.26
2009,SA Asnodkar,98,15,15.31
2009,SB Bangar,9,0,0.0
2009,SB Jakati,16,3,18.75
2009,SB Styris,8,1,12.5
2009,SC Ganguly,213,19,8.92
2009,SD Chitnis,9,1,11.11
2009,SK Raina,318,58,18.24
2009,SK Trivedi,19,0,0.0
2009,SK Warne,118,10,8.47
2009,SL Malinga,1,0,0.0
2009,SM Harwood,14,0,0.0
2009,SM Katich,119,21,17.65
2009,SP Goswami,64,6,9.38
2009,SR Tendulkar,315,49,15.56
2009,SS Shaikh,7,1,14.29
2009,SS Tiwary,12,0,0.0
2009,ST Jayasuriya,205,30,14.63
2009,Shoaib Ahmed,6,0,0.0
2009,T Henderson,16,1,6.25
2009,T Kohli,4,0,0.0
2009,T Thushara,8,0,0.0
2009,TL Suman,193,26,13.47
2009,TM Dilshan,357,55,15.41
2009,TM Srivastava,1,0,0.0
2009,V Kohli,225,30,13.33
2009,V Sehwag,146,31,21.23
2009,VVS Laxman,33,2,6.06
2009,W Jaffer,19,2,10.53
2009,WA Mota,48,0,0.0
2009,WP Saha,41,7,17.07
2009,WPUJC Vaas,21,2,9.52
2009,Y Nagar,22,1,4.55
2009,Y Venugopal Rao,118,9,7.63
2009,YK Pathan,192,39,20.31
2009,YV Takawale,22,2,9.09
2009,Yashpal Singh,67,5,7.46
2009,Yuvraj Singh,317,41,12.93
2009,Z Khan,11,0,0.0
2009/10,A Kumble,12,0,0.0
2009/10,A Mishra,54,1,1.85
2009/10,A Mithun,4,1,25.0
2009/10,A Nehra,20,3,15.0
2009/10,A Symonds,356,53,14.89
2009/10,A Uniyal,7,0,0.0
2009/10,AA Bilakhia,4,0,0.0
2009/10,AA Jhunjhunwala,172,20,11.63
2009/10,AB Agarkar,30,4,13.33
2009/10,AB Barath,43,6,13.95
2009/10,AB Dinda,1,0,0.0
2009/10,AB McDonald,54,5,9.26
2009/10,AB de Villiers,123,7,5.69
2009/10,AC Gilchrist,200,47,23.5
2009/10,AC Voges,143,18,12.59
2009/10,AD Mascarenhas,11,0,0.0
2009/10,AD Mathews,197,26,13.2
2009/10,AG Paunikar,1,0,0.0
2009/10,AJ Finch,21,1,4.76
2009/10,AM Nayar,51,6,11.76
2009/10,AN Ahmed,8,0,0.0
2009/10,AP Dole,23,4,17.39
2009/10,AP Tare,41,8,19.51
2009/10,AS Raut,48,6,12.5
2009/10,AT Rayudu,258,47,18.22
2009/10,Anirudh Singh,69,7,10.14
2009/10,B Lee,11,1,9.09
2009/10,B Sumanth,38,3,7.89
2009/10,BAW Mendis,1,0,0.0
2009/10,BB McCullum,117,16,13.68
2009/10,BJ Hodge,95,12,12.63
2009/10,Bipul Sharma,7,1,14.29
2009/10,C Madan,21,3,14.29
2009/10,CA Pujara,119,17,14.29
2009/10,CH Gayle,197,46,23.35
2009/10,CK Langeveldt,1,0,0.0
2009/10,CL White,33,6,18.18
2009/10,CRD Fernando,2,0,0.0
2009/10,DA Warner,195,41,21.03
2009/10,DE Bollinger,17,2,11.76
2009/10,DJ Bravo,53,7,13.21
2009/10,DJ Hussey,89,10,11.24
2009/10,DL Vettori,28,4,14.29
2009/10,DP Nannes,13,0,0.0
2009/10,DPMD Jayawardene,312,67,21.47
2009/10,DR Martyn,26,1,3.85
2009/10,DR Smith,25,2,8.0
2009/10,DW Steyn,17,2,11.76
2009/10,EJG Morgan,31,3,9.68
2009/10,FY Fazal,160,20,12.5
2009/10,G Gambhir,223,34,15.25
2009/10,GC Smith,40,7,17.5
2009/10,GJ Bailey,27,2,7.41
2009/10,HH Gibbs,243,35,14.4
2009/10,Harbhajan Singh,64,17,26.56
2009/10,Harmeet Singh,1,0,0.0
2009/10,I Sharma,17,0,0.0
2009/10,IK Pathan,188,31,16.49
2009/10,Iqbal Abdulla,1,0,0.0
2009/10,J Theron,6,0,0.0
2009/10,JA Morkel,135,23,17.04
2009/10,JH Kallis,517,76,14.7
2009/10,JM Kemp,25,2,8.0
2009/10,JP Duminy,134,18,13.43
2009/10,Jaskaran Singh,11,0,0.0
2009/10,K Goel,20,2,10.0
2009/10,KA Pollard,152,40,26.32
2009/10,KAJ Roach,9,1,11.11
2009/10,KB Arun Karthik,5,0,0.0
2009/10,KC Sangakkara,260,52,20.0
2009/10,KD Karthik,242,32,13.22
2009/10,KM Jadhav,60,9,15.0
2009/10,KP Appanna,3,0,0.0
2009/10,KP Pietersen,159,31,19.5
2009/10,L Balaji,20,2,10.0
2009/10,LR Shukla,27,5,18.52
2009/10,LRPL Taylor,77,8,10.39
2009/10,M Kaif,31,2,6.45
2009/10,M Kartik,22,2,9.09
2009/10,M Manhas,151,14,9.27
2009/10,M Morkel,16,1,6.25
2009/10,M Muralitharan,2,0,0.0
2009/10,M Vijay,305,62,20.33
2009/10,MC Henriques,5,2,40.0
2009/10,MD Mishra,149,24,16.11
2009/10,MEK Hussey,44,2,4.55
2009/10,MF Maharoof,24,4,16.67
2009/10,MJ Lumb,196,51,26.02
2009/10,MK Pandey,233,34,14.59
2009/10,MK Tiwary,192,28,14.58
2009/10,ML Hayden,295,53,17.97
2009/10,MM Patel,5,0,0.0
2009/10,MR Marsh,31,2,6.45
2009/10,MS Bisla,189,33,17.46
2009/10,MS Dhoni,215,34,15.81
2009/10,MS Gony,7,0,0.0
2009/10,MV Boucher,10,1,10.0
2009/10,Mandeep Singh,11,1,9.09
2009/10,NV Ojha,294,57,19.39
2009/10,OA Shah,96,12,12.5
2009/10,P Dogra,108,9,8.33
2009/10,P Kumar,8,0,0.0
2009/10,PA Patel,83,8,9.64
2009/10,PD Collingwood,159,22,13.84
2009/10,PJ Sangwan,15,0,0.0
2009/10,PP Chawla,63,7,11.11
2009/10,PP Ojha,8,0,0.0
2009/10,Pankaj Singh,2,0,0.0
2009/10,R Ashwin,40,2,5.0
2009/10,R Bhatia,17,3,17.65
2009/10,R Dravid,203,37,18.23
2009/10,R McLaren,71,7,9.86
2009/10,R Sathish,98,11,11.22
2009/10,R Sharma,26,4,15.38
2009/10,R Vinay Kumar,35,1,2.86
2009/10,RE van der Merwe,2,0,0.0
2009/10,RG Sharma,310,50,16.13
2009/10,RJ Harris,39,4,10.26
2009/10,RP Singh,20,0,0.0
2009/10,RR Powar,8,0,0.0
2009/10,RS Bopara,223,28,12.56
2009/10,RS Gavaskar,8,0,0.0
2009/10,RS Sodhi,2,1,50.0
2009/10,RV Uthappa,224,48,21.43
2009/10,S Anirudha,19,4,21.05
2009/10,S Badrinath,310,46,14.84
2009/10,S Dhawan,180,26,14.44
2009/10,S Ladda,10,0,0.0
2009/10,S Narwal,13,2,15.38
2009/10,S Sreesanth,22,5,22.73
2009/10,S Sriram,31,3,9.68
2009/10,S Tyagi,4,0,0.0
2009/10,SA Asnodkar,4,1,25.0
2009/10,SC Ganguly,440,73,16.59
2009/10,SE Bond,2,0,0.0
2009/10,SE Marsh,117,20,17.09
2009/10,SJ Srivastava,2,0,0.0
2009/10,SK Raina,387,68,17.57
2009/10,SK Trivedi,15,4,26.67
2009/10,SK Warne,21,0,0.0
2009/10,SL Malinga,1,0,0.0
2009/10,SP Goswami,10,2,20.0
2009/10,SR Tendulkar,489,89,18.2
2009/10,SR Watson,117,27,23.08
2009/10,SS Tiwary,319,47,14.73
2009/10,ST Jayasuriya,35,5,14.29
2009/10,STR Binny,5,1,20.0
2009/10,SW Tait,13,1,7.69
2009/10,T Thushara,11,0,0.0
2009/10,TL Suman,264,35,13.26
2009/10,TM Dilshan,55,6,10.91
2009/10,UT Yadav,4,0,0.0
2009/10,V Kohli,216,38,17.59
2009/10,V Sehwag,227,61,26.87
2009/10,VS Malik,5,1,20.0
2009/10,VVS Laxman,62,8,12.9
2009/10,WP Saha,53,10,18.87
2009/10,WPUJC Vaas,34,2,5.88
2009/10,Y Nagar,7,0,0.0
2009/10,Y Venugopal Rao,44,4,9.09
2009/10,YA Abdulla,1,0,0.0
2009/10,YK Pathan,210,46,21.9
2009/10,Yuvraj Singh,206,35,16.99
2009/10,Z Khan,13,4,30.77
2011,A Mishra,52,10,19.23
2011,A Mithun,20,4,20.0
2011,A Singh,4,0,0.0
2011,A Symonds,143,12,8.39
2011,AA Chavan,3,0,0.0
2011,AA Jhunjhunwala,19,2,10.53
2011,AB Agarkar,7,1,14.29
2011,AB Dinda,5,0,0.0
2011,AB McDonald,7,0,0.0
2011,AB de Villiers,248,35,14.11
2011,AC Blizzard,88,23,26.14
2011,AC Gilchrist,309,59,19.09
2011,AC Thomas,4,0,0.0
2011,AG Murtaza,5,0,0.0
2011,AG Paunikar,60,9,15.0
2011,AJ Finch,51,6,11.76
2011,AL Menaria,158,20,12.66
2011,AM Nayar,67,9,13.43
2011,AM Rahane,99,14,14.14
2011,AN Ahmed,13,2,15.38
2011,AS Raut,59,6,10.17
2011,AT Rayudu,355,53,14.93
2011,AUK Pathan,18,7,38.89
2011,B Akhil,9,1,11.11
2011,B Chipli,172,25,14.53
2011,B Kumar,1,0,0.0
2011,B Lee,9,0,0.0
2011,BA Bhatt,5,0,0.0
2011,BB McCullum,292,51,17.47
2011,BJ Haddin,11,3,27.27
2011,BJ Hodge,245,35,14.29
2011,Bipul Sharma,18,1,5.56
2011,CA Ingram,26,2,7.69
2011,CA Pujara,32,4,12.5
2011,CH Gayle,342,101,29.53
2011,CJ Ferguson,56,6,10.71
2011,CK Langeveldt,8,1,12.5
2011,CL White,109,8,7.34
2011,DA Warner,281,45,16.01
2011,DB Ravi Teja,147,21,14.29
2011,DE Bollinger,1,0,0.0
2011,DH Yagnik,23,1,4.35
2011,DJ Bravo,6,2,33.33
2011,DJ Hussey,65,6,9.23
2011,DJ Jacobs,91,14,15.38
2011,DL Vettori,30,2,6.67
2011,DPMD Jayawardene,272,40,14.71
2011,DS Kulkarni,4,0,0.0
2011,DT Christian,161,16,9.94
2011,DW Steyn,37,3,8.11
2011,EJG Morgan,123,20,16.26
2011,FY Fazal,19,3,15.79
2011,G Gambhir,332,47,14.16
2011,GC Smith,54,6,11.11
2011,Harbhajan Singh,74,15,20.27
2011,Harpreet Singh,20,0,0.0
2011,I Malhotra,4,1,25.0
2011,I Sharma,5,0,0.0
2011,IK Pathan,146,18,12.33
2011,IR Jaggi,38,3,7.89
2011,Iqbal Abdulla,12,1,8.33
2011,J Botha,200,22,11.0
2011,J Syed Mohammad,13,2,15.38
2011,JA Morkel,108,16,14.81
2011,JD Ryder,201,48,23.88
2011,JDP Oram,3,0,0.0
2011,JE Taylor,4,0,0.0
2011,JEC Franklin,80,12,15.0
2011,JH Kallis,386,52,13.47
2011,JJ van der Wath,17,2,11.76
2011,JP Duminy,176,17,9.66
2011,JR Hopes,162,25,15.43
2011,Joginder Sharma,1,0,0.0
2011,KA Pollard,141,18,12.77
2011,KB Arun Karthik,8,1,12.5
2011,KC Sangakkara,298,49,16.44
2011,KD Karthik,225,39,17.33
2011,KM Jadhav,23,1,4.35
2011,L Ablish,2,0,0.0
2011,L Balaji,2,0,0.0
2011,LA Pomersbach,41,6,14.63
2011,LR Shukla,10,2,20.0
2011,LRPL Taylor,158,18,11.39
2011,M Kaif,35,5,14.29
2011,M Kartik,15,1,6.67
2011,M Klinger,78,9,11.54
2011,M Manhas,128,12,9.38
2011,M Morkel,25,5,20.0
2011,M Muralitharan,8,0,0.0
2011,M Vijay,349,54,15.47
2011,MA Agarwal,129,20,15.5
2011,MD Mishra,60,7,11.67
2011,MEK Hussey,423,59,13.95
2011,MJ Lumb,2,0,0.0
2011,MK Pandey,233,34,14.59
2011,MK Tiwary,336,40,11.9
2011,MM Patel,1,0,0.0
2011,MR Marsh,50,5,10.0
2011,MS Bisla,90,8,8.89
2011,MS Dhoni,247,48,19.43
2011,MS Gony,2,0,0.0
2011,MS Wade,33,0,0.0
2011,MV Boucher,6,0,0.0
2011,Mandeep Singh,42,5,11.9
2011,ND Doshi,13,0,0.0
2011,NJ Rimmington,1,0,0.0
2011,NL McCullum,23,1,4.35
2011,NLTC Perera,29,4,13.79
2011,NV Ojha,169,22,13.02
2011,OA Shah,16,3,18.75
2011,P Kumar,33,3,9.09
2011,P Parameswaran,1,0,0.0
2011,PA Patel,189,27,14.29
2011,PC Valthaty,351,76,21.65
2011,PP Chawla,55,4,7.27
2011,PR Shah,5,1,20.0
2011,R Ashwin,6,0,0.0
2011,R Bhatia,23,3,13.04
2011,R Dravid,320,47,14.69
2011,R McLaren,101,8,7.92
2011,R Ninan,6,0,0.0
2011,R Sathish,35,1,2.86
2011,R Sharma,23,3,13.04
2011,R Vinay Kumar,48,5,10.42
2011,RA Jadeja,234,34,14.53
2011,RE van der Merwe,16,1,6.25
2011,RG Sharma,304,45,14.8
2011,RJ Harris,39,3,7.69
2011,RN ten Doeschate,76,14,18.42
2011,RP Singh,4,0,0.0
2011,RR Powar,13,0,0.0
2011,RV Gomez,52,5,9.62
2011,RV Uthappa,215,37,17.21
2011,S Anirudha,78,9,11.54
2011,S Aravind,10,2,20.0
2011,S Badrinath,320,47,14.69
2011,S Dhawan,315,54,17.14
2011,S Nadeem,1,0,0.0
2011,S Rana,16,2,12.5
2011,S Randiv,4,0,0.0
2011,S Sohal,201,35,17.41
2011,S Sreesanth,9,0,0.0
2011,S Sriram,7,0,0.0
2011,SA Asnodkar,9,1,11.11
2011,SB Styris,2,1,50.0
2011,SB Wagh,3,0,0.0
2011,SC Ganguly,61,5,8.2
2011,SD Chitnis,9,1,11.11
2011,SE Marsh,349,72,20.63
2011,SJ Srivastava,3,0,0.0
2011,SK Raina,335,53,15.82
2011,SK Trivedi,2,0,0.0
2011,SK Warne,20,1,5.0
2011,SL Malinga,9,1,11.11
2011,SP Goswami,31,5,16.13
2011,SR Tendulkar,511,72,14.09
2011,SR Watson,256,48,18.75
2011,SS Tiwary,196,18,9.18
2011,STR Binny,31,3,9.68
2011,SW Tait,10,1,10.0
2011,Shakib Al Hasan,23,4,17.39
2011,Sunny Singh,31,7,22.58
2011,TD Paine,29,0,0.0
2011,TL Suman,53,10,18.87
2011,TM Dilshan,185,36,19.46
2011,TR Birt,59,11,18.64
2011,UBT Chand,12,0,0.0
2011,UT Yadav,6,0,0.0
2011,V Kohli,473,71,15.01
2011,V Sehwag,247,69,27.94
2011,VR Aaron,5,0,0.0
2011,VVS Laxman,42,5,11.9
2011,WD Parnell,42,3,7.14
2011,WP Saha,67,6,8.96
2011,Y Gnaneswara Rao,18,3,16.67
2011,Y Nagar,108,12,11.11
2011,Y Venugopal Rao,292,43,14.73
2011,YK Pathan,205,37,18.05
2011,Yuvraj Singh,269,42,15.61
2011,Z Khan,24,2,8.33
2012,A Ashish Reddy,30,4,13.33
2012,A Chandila,1,0,0.0
2012,A Mishra,21,1,4.76
2012,A Nehra,13,1,7.69
2012,A Singh,3,0,0.0
2012,AA Chavan,8,2,25.0
2012,AA Jhunjhunwala,27,2,7.41
2012,AB Dinda,5,0,0.0
2012,AB McDonald,36,8,22.22
2012,AB de Villiers,203,41,20.2
2012,AC Blizzard,3,0,0.0
2012,AC Gilchrist,147,25,17.01
2012,AC Thomas,15,2,13.33
2012,AD Mascarenhas,16,1,6.25
2012,AD Mathews,110,9,8.18
2012,AD Russell,27,6,22.22
2012,AG Murtaza,5,0,0.0
2012,AJ Finch,52,8,15.38
2012,AL Menaria,207,22,10.63
2012,AM Nayar,49,3,6.12
2012,AM Rahane,448,83,18.53
2012,AP Majumdar,77,9,11.69
2012,AT Rayudu,261,35,13.41
2012,AUK Pathan,8,0,0.0
2012,Ankit Sharma,13,2,15.38
2012,Azhar Mahmood,145,24,16.55
2012,B Chipli,35,5,14.29
2012,B Kumar,41,4,9.76
2012,B Lee,21,6,28.57
2012,BA Bhatt,2,1,50.0
2012,BB McCullum,287,40,13.94
2012,BB Samantray,2,0,0.0
2012,BJ Hodge,180,27,15.0
2012,Bipul Sharma,47,9,19.15
2012,CA Lynn,10,1,10.0
2012,CA Pujara,23,2,8.7
2012,CH Gayle,472,105,22.25
2012,CJ Ferguson,63,3,4.76
2012,CJ McKay,15,0,0.0
2012,CL White,327,61,18.65
2012,DA Miller,76,10,13.16
2012,DA Warner,161,42,26.09
2012,DAJ Bracewell,9,1,11.11
2012,DB Das,96,15,15.62
2012,DB Ravi Teja,4,1,25.0
2012,DE Bollinger,5,0,0.0
2012,DH Yagnik,14,5,35.71
2012,DJ Bravo,271,40,14.76
2012,DJ Harris,103,16,15.53
2012,DJ Hussey,313,45,14.38
2012,DJ Jacobs,10,0,0.0
2012,DL Vettori,28,4,14.29
2012,DPMD Jayawardene,306,42,13.73
2012,DR Smith,102,25,24.51
2012,DS Kulkarni,5,2,40.0
2012,DT Christian,122,14,11.48
2012,DW Steyn,21,1,4.76
2012,F du Plessis,310,46,14.84
2012,G Gambhir,429,81,18.88
2012,GB Hogg,16,1,6.25
2012,GJ Maxwell,11,0,0.0
2012,Gurkeerat Singh,54,14,25.93
2012,HH Gibbs,91,10,10.99
2012,HV Patel,17,1,5.88
2012,Harbhajan Singh,82,17,20.73
2012,Harmeet Singh,7,3,42.86
2012,Harpreet Singh,6,0,0.0
2012,IK Pathan,133,20,15.04
2012,IR Jaggi,22,0,0.0
2012,Iqbal Abdulla,3,0,0.0
2012,J Botha,55,5,9.09
2012,J Syed Mohammad,1,1,100.0
2012,J Theron,6,1,16.67
2012,JA Morkel,71,11,15.49
2012,JD Ryder,216,31,14.35
2012,JEC Franklin,229,22,9.61
2012,JH Kallis,393,44,11.2
2012,JP Duminy,195,24,12.31
2012,JP Faulkner,14,0,0.0
2012,K Upadhyay,8,1,12.5
2012,KA Pollard,163,29,17.79
2012,KC Sangakkara,190,25,13.16
2012,KD Karthik,217,32,14.75
2012,KK Cooper,20,6,30.0
2012,KMDN Kulasekara,3,1,33.33
2012,KP Pietersen,210,42,20.0
2012,LR Shukla,57,9,15.79
2012,LRPL Taylor,177,19,10.73
2012,M Kaif,16,1,6.25
2012,M Kartik,21,2,9.52
2012,M Manhas,99,14,14.14
2012,M Morkel,5,0,0.0
2012,M Muralitharan,9,0,0.0
2012,M Vijay,273,49,17.95
2012,MA Agarwal,164,34,20.73
2012,MD Mishra,4,1,25.0
2012,MEK Hussey,241,36,14.94
2012,MJ Clarke,96,12,12.5
2012,MK Pandey,115,18,15.65
2012,MK Tiwary,251,24,9.56
2012,MM Patel,7,0,0.0
2012,MN Samuels,124,12,9.68
2012,MS Bisla,171,26,15.2
2012,MS Dhoni,283,35,12.37
2012,MS Gony,8,0,0.0
2012,Mandeep Singh,349,60,17.19
2012,N Saini,143,16,11.19
2012,NLTC Perera,12,0,0.0
2012,NV Ojha,230,34,14.78
2012,OA Shah,269,40,14.87
2012,P Awana,5,0,0.0
2012,P Dogra,25,0,0.0
2012,P Kumar,32,3,9.38
2012,P Negi,30,5,16.67
2012,P Parameswaran,2,0,0.0
2012,PA Patel,166,23,13.86
2012,PA Reddy,63,8,12.7
2012,PC Valthaty,52,4,7.69
2012,PP Chawla,88,13,14.77
2012,PP Ojha,14,0,0.0
2012,R Ashwin,15,2,13.33
2012,R Bhatia,30,4,13.33
2012,R Dravid,424,67,15.8
2012,R Sharma,11,0,0.0
2012,R Vinay Kumar,65,5,7.69
2012,RA Jadeja,153,22,14.38
2012,RE Levi,74,14,18.92
2012,RG Sharma,350,57,16.29
2012,RJ Harris,11,2,18.18
2012,RJ Peterson,32,4,12.5
2012,RN ten Doeschate,21,2,9.52
2012,RP Singh,12,0,0.0
2012,RR Bhatkal,2,0,0.0
2012,RV Uthappa,357,48,13.45
2012,S Anirudha,9,3,33.33
2012,S Aravind,8,3,37.5
2012,S Badrinath,188,25,13.3
2012,S Dhawan,448,76,16.96
2012,S Nadeem,2,0,0.0
2012,SA Yadav,4,0,0.0
2012,SB Jakati,12,0,0.0
2012,SC Ganguly,288,34,11.81
2012,SD Chitnis,64,8,12.5
2012,SE Marsh,288,46,15.97
2012,SK Raina,335,55,16.42
2012,SK Trivedi,6,0,0.0
2012,SL Malinga,55,7,12.73
2012,SP Goswami,69,5,7.25
2012,SP Narine,8,2,25.0
2012,SPD Smith,272,38,13.97
2012,SR Tendulkar,297,43,14.48
2012,SR Watson,171,40,23.39
2012,SS Tiwary,173,17,9.83
2012,STR Binny,70,12,17.14
2012,Shakib Al Hasan,77,9,11.69
2012,Sunny Gupta,1,0,0.0
2012,TL Suman,19,2,10.53
2012,TM Dilshan,274,38,13.87
2012,UBT Chand,35,5,14.29
2012,UT Yadav,7,0,0.0
2012,V Kohli,333,43,12.91
2012,V Pratap Singh,1,0,0.0
2012,V Sehwag,317,76,23.97
2012,VR Aaron,3,0,0.0
2012,WD Parnell,29,2,6.9
2012,WP Saha,14,0,0.0
2012,Y Nagar,134,16,11.94
2012,Y Venugopal Rao,129,13,10.08
2012,YK Pathan,179,17,9.5
2012,Z Khan,17,1,5.88
2013,A Ashish Reddy,90,13,14.44
2013,A Chandila,6,0,0.0
2013,A Mishra,103,9,8.74
2013,A Mithun,2,0,0.0
2013,A Mukund,22,1,4.55
2013,A Nehra,8,0,0.0
2013,AB Agarkar,16,0,0.0
2013,AB Dinda,11,1,9.09
2013,AB McDonald,2,0,0.0
2013,AB de Villiers,226,51,22.57
2013,AC Gilchrist,234,47,20.09
2013,AD Mascarenhas,5,0,0.0
2013,AD Mathews,141,15,10.64
2013,AD Russell,15,0,0.0
2013,AG Murtaza,4,1,25.0
2013,AJ Finch,344,70,20.35
2013,AL Menaria,2,0,0.0
2013,AM Nayar,74,5,6.76
2013,AM Rahane,472,53,11.23
2013,AP Tare,84,19,22.62
2013,AS Rajpoot,6,0,0.0
2013,AT Rayudu,235,26,11.06
2013,Azhar Mahmood,158,27,17.09
2013,B Chipli,19,2,10.53
2013,B Kumar,72,4,5.56
2013,B Laughlin,9,0,0.0
2013,B Lee,12,3,25.0
2013,BAW Mendis,4,0,0.0
2013,BB McCullum,7,1,14.29
2013,BB Samantray,114,15,13.16
2013,BJ Hodge,224,36,16.07
2013,BJ Rohrer,146,26,17.81
2013,BMAJ Mendis,27,0,0.0
2013,CA Pujara,100,14,14.0
2013,CH Gayle,484,109,22.52
2013,CH Morris,17,0,0.0
2013,CL White,200,27,13.5
2013,CM Gautam,37,5,13.51
2013,DA Miller,257,52,20.23
2013,DA Warner,333,55,16.52
2013,DB Das,76,10,13.16
2013,DB Ravi Teja,18,0,0.0
2013,DH Yagnik,99,19,19.19
2013,DJ Bravo,112,14,12.5
2013,DJ Hussey,210,26,12.38
2013,DJG Sammy,136,21,15.44
2013,DPMD Jayawardene,322,45,13.98
2013,DR Smith,351,59,16.81
2013,DT Christian,16,0,0.0
2013,DW Steyn,37,7,18.92
2013,EJG Morgan,250,41,16.4
2013,G Gambhir,354,56,15.82
2013,GH Vihari,287,18,6.27
2013,GJ Maxwell,27,5,18.52
2013,Gurkeerat Singh,98,13,13.27
2013,Harbhajan Singh,82,17,20.73
2013,Harmeet Singh,4,0,0.0
2013,IC Pandey,2,0,0.0
2013,IK Pathan,159,14,8.81
2013,Iqbal Abdulla,14,0,0.0
2013,J Botha,52,6,11.54
2013,J Syed Mohammad,13,1,7.69
2013,JA Morkel,37,5,13.51
2013,JD Unadkat,2,0,0.0
2013,JH Kallis,327,38,11.62
2013,JP Faulkner,57,7,12.28
2013,K Upadhyay,1,0,0.0
2013,KA Pollard,290,56,19.31
2013,KB Arun Karthik,40,4,10.0
2013,KC Sangakkara,137,13,9.49
2013,KD Karthik,422,68,16.11
2013,KK Cooper,22,6,27.27
2013,KK Nair,12,0,0.0
2013,KL Rahul,16,4,25.0
2013,KM Jadhav,127,13,10.24
2013,KV Sharma,89,8,8.99
2013,KW Richardson,36,3,8.33
2013,L Balaji,10,1,10.0
2013,LA Pomersbach,60,6,10.0
2013,LJ Wright,63,19,30.16
2013,LR Shukla,13,0,0.0
2013,LRPL Taylor,77,3,3.9
2013,M Kartik,3,0,0.0
2013,M Manhas,17,1,5.88
2013,M Morkel,30,9,30.0
2013,M Rawat,11,0,0.0
2013,M Vijay,293,35,11.95
2013,M Vohra,117,24,20.51
2013,MA Agarwal,64,9,14.06
2013,MC Henriques,127,23,18.11
2013,MC Juneja,134,12,8.96
2013,MDKJ Perera,13,3,23.08
2013,MEK Hussey,580,98,16.9
2013,MG Johnson,37,4,10.81
2013,MK Pandey,139,14,10.07
2013,MK Tiwary,142,13,9.15
2013,MM Sharma,5,0,0.0
2013,MN Samuels,18,1,5.56
2013,MR Marsh,109,16,14.68
2013,MS Bisla,248,42,16.94
2013,MS Dhoni,298,57,19.13
2013,MS Gony,27,7,25.93
2013,Mandeep Singh,228,36,15.79
2013,Mohammed Shami,10,0,0.0
2013,NLTC Perera,173,26,15.03
2013,NM Coulter-Nile,6,1,16.67
2013,NV Ojha,10,1,10.0
2013,OA Shah,24,2,8.33
2013,P Awana,9,0,0.0
2013,P Dogra,8,0,0.0
2013,P Kumar,41,6,14.63
2013,PA Patel,261,41,15.71
2013,PA Reddy,104,9,8.65
2013,PC Valthaty,17,0,0.0
2013,PJ Sangwan,2,1,50.0
2013,PP Chawla,60,8,13.33
2013,PP Ojha,4,0,0.0
2013,PV Tambe,6,0,0.0
2013,Parvez Rasool,9,0,0.0
2013,Q de Kock,16,1,6.25
2013,R Ashwin,50,4,8.0
2013,R Bhatia,81,11,13.58
2013,R Dhawan,21,3,14.29
2013,R Dravid,433,69,15.94
2013,R McLaren,6,0,0.0
2013,R Rampaul,39,4,10.26
2013,R Sathish,79,14,17.72
2013,R Sharma,17,1,5.88
2013,R Shukla,2,0,0.0
2013,R Vinay Kumar,44,9,20.45
2013,RA Jadeja,139,23,16.55
2013,RE van der Merwe,25,2,8.0
2013,RG Sharma,415,63,15.18
2013,RJ Harris,5,0,0.0
2013,RN ten Doeschate,63,11,17.46
2013,RT Ponting,76,4,5.26
2013,RV Gomez,1,1,100.0
2013,RV Uthappa,385,54,14.03
2013,S Anirudha,2,0,0.0
2013,S Badrinath,123,11,8.94
2013,S Dhawan,262,42,16.03
2013,S Kaul,9,0,0.0
2013,S Nadeem,27,1,3.7
2013,S Narwal,16,4,25.0
2013,S Sreesanth,4,0,0.0
2013,SE Marsh,256,43,16.8
2013,SK Raina,370,68,18.38
2013,SK Trivedi,7,0,0.0
2013,SL Malinga,19,1,5.26
2013,SMSM Senanayake,17,0,0.0
2013,SP Narine,20,2,10.0
2013,SPD Smith,134,19,14.18
2013,SR Tendulkar,243,44,18.11
2013,SR Watson,393,81,20.61
2013,SS Tiwary,113,8,7.08
2013,STR Binny,204,37,18.14
2013,SV Samson,179,24,13.41
2013,SW Tait,3,0,0.0
2013,Sachin Baby,7,0,0.0
2013,Sandeep Sharma,1,0,0.0
2013,TL Suman,58,8,13.79
2013,TM Dilshan,97,12,12.37
2013,UA Birla,15,1,6.67
2013,UBT Chand,163,21,12.88
2013,UT Yadav,39,4,10.26
2013,V Kohli,471,87,18.47
2013,V Sehwag,244,47,19.26
2013,WD Parnell,7,0,0.0
2013,WP Saha,57,10,17.54
2013,X Thalaivan Sargunam,17,0,0.0
2013,YK Pathan,247,45,18.22
2013,Yuvraj Singh,193,29,15.03
2014,A Mishra,7,0,0.0
2014,AB Dinda,13,0,0.0
2014,AB de Villiers,255,50,19.61
2014,AD Russell,8,0,0.0
2014,AJ Finch,268,40,14.93
2014,AM Nayar,50,6,12.0
2014,AM Rahane,298,41,13.76
2014,AN Ahmed,1,1,100.0
2014,AP Tare,102,19,18.63
2014,AR Patel,61,7,11.48
2014,AT Rayudu,296,39,13.18
2014,Ankit Sharma,31,5,16.13
2014,B Kumar,4,0,0.0
2014,BB McCullum,341,51,14.96
2014,BCJ Cutting,6,1,16.67
2014,BE Hendricks,1,0,0.0
2014,BJ Hodge,74,10,13.51
2014,BR Dunk,36,7,19.44
2014,CA Lynn,52,8,15.38
2014,CA Pujara,129,17,13.18
2014,CH Gayle,188,30,15.96
2014,CJ Anderson,186,36,19.35
2014,CM Gautam,116,18,15.52
2014,DA Miller,307,55,17.92
2014,DA Warner,386,63,16.32
2014,DH Yagnik,6,0,0.0
2014,DJ Bravo,3,1,33.33
2014,DJ Hussey,96,14,14.58
2014,DJG Sammy,97,12,12.37
2014,DR Smith,425,84,19.76
2014,DS Kulkarni,27,3,11.11
2014,DW Steyn,26,1,3.85
2014,F du Plessis,240,33,13.75
2014,G Gambhir,301,40,13.29
2014,GJ Bailey,190,29,15.26
2014,GJ Maxwell,312,84,26.92
2014,HV Patel,7,2,28.57
2014,Harbhajan Singh,26,4,15.38
2014,IK Pathan,58,5,8.62
2014,Imran Tahir,10,2,20.0
2014,JA Morkel,41,4,9.76
2014,JD Unadkat,6,0,0.0
2014,JDS Neesham,46,4,8.7
2014,JH Kallis,131,17,12.98
2014,JJ Bumrah,4,0,0.0
2014,JO Holder,12,3,25.0
2014,JP Duminy,311,42,13.5
2014,JP Faulkner,99,24,24.24
2014,KA Pollard,208,30,14.42
2014,KD Karthik,261,39,14.94
2014,KK Cooper,28,5,17.86
2014,KK Nair,237,47,19.83
2014,KL Rahul,166,15,9.04
2014,KM Jadhav,104,20,19.23
2014,KP Pietersen,239,41,17.15
2014,KV Sharma,30,4,13.33
2014,KW Richardson,2,0,0.0
2014,Karanveer Singh,1,0,0.0
2014,L Balaji,3,0,0.0
2014,LMP Simmons,299,57,19.06
2014,LR Shukla,38,3,7.89
2014,LRPL Taylor,62,6,9.68
2014,M Manhas,26,4,15.38
2014,M Morkel,4,0,0.0
2014,M Vijay,197,25,12.69
2014,M Vohra,244,43,17.62
2014,M de Lange,2,0,0.0
2014,MA Agarwal,93,15,16.13
2014,MA Starc,84,9,10.71
2014,MC Henriques,14,1,7.14
2014,MEK Hussey,187,24,12.83
2014,MG Johnson,51,7,13.73
2014,MK Pandey,359,46,12.81
2014,MK Tiwary,123,18,14.63
2014,MM Sharma,3,0,0.0
2014,MS Bisla,9,0,0.0
2014,MS Dhoni,258,42,16.28
2014,Mandeep Singh,28,2,7.14
2014,Mohammed Shami,8,0,0.0
2014,NJ Maddinson,14,3,21.43
2014,NV Ojha,170,31,18.24
2014,P Kumar,2,0,0.0
2014,PA Patel,191,31,16.23
2014,PP Chawla,20,5,25.0
2014,PP Ojha,8,0,0.0
2014,PV Tambe,9,0,0.0
2014,Q de Kock,132,23,17.42
2014,R Ashwin,48,4,8.33
2014,R Bhatia,55,7,12.73
2014,R Dhawan,75,9,12.0
2014,R Rampaul,13,1,7.69
2014,R Shukla,21,2,9.52
2014,R Tewatia,13,1,7.69
2014,R Vinay Kumar,7,0,0.0
2014,RA Jadeja,113,14,12.39
2014,RG Sharma,307,47,15.31
2014,RN ten Doeschate,33,7,21.21
2014,RR Rossouw,41,4,9.76
2014,RV Uthappa,485,92,18.97
2014,S Anirudha,5,0,0.0
2014,S Dhawan,332,56,16.87
2014,S Gopal,10,1,10.0
2014,S Kaul,2,0,0.0
2014,S Nadeem,20,0,0.0
2014,S Rana,66,8,12.12
2014,SA Yadav,123,21,17.07
2014,SE Marsh,54,10,18.52
2014,SK Raina,370,70,18.92
2014,SL Malinga,4,0,0.0
2014,SP Narine,15,0,0.0
2014,SPD Smith,115,17,14.78
2014,SR Watson,205,34,16.59
2014,STR Binny,122,9,7.38
2014,SV Samson,280,42,15.0
2014,Sandeep Sharma,5,0,0.0
2014,Shakib Al Hasan,160,29,18.12
2014,Shivam Sharma,3,1,33.33
2014,TG Southee,4,1,25.0
2014,UBT Chand,10,0,0.0
2014,UT Yadav,4,0,0.0
2014,V Kohli,301,39,12.96
2014,V Sehwag,334,74,22.16
2014,VH Zol,26,4,15.38
2014,VR Aaron,34,3,8.82
2014,VS Malik,2,0,0.0
2014,WD Parnell,2,0,0.0
2014,WP Saha,255,51,20.0
2014,Y Venugopal Rao,65,8,12.31
2014,YK Pathan,168,35,20.83
2014,YS Chahal,2,0,0.0
2014,YV Takawale,92,18,19.57
2014,Yuvraj Singh,288,50,17.36
2014,Z Khan,7,1,14.29
2015,A Ashish Reddy,46,8,17.39
2015,A Mishra,13,0,0.0
2015,A Nehra,7,0,0.0
2015,AB de Villiers,302,82,27.15
2015,AD Mathews,109,18,16.51
2015,AD Russell,175,54,30.86
2015,AJ Finch,33,4,12.12
2015,AM Rahane,423,66,15.6
2015,AN Ahmed,5,2,40.0
2015,AP Tare,18,1,5.56
2015,AR Patel,181,21,11.6
2015,AT Rayudu,195,34,17.44
2015,Ankit Sharma,6,1,16.67
2015,Anureet Singh,31,1,3.23
2015,Azhar Mahmood,8,1,12.5
2015,B Kumar,10,3,30.0
2015,BB McCullum,293,74,25.26
2015,BE Hendricks,2,0,0.0
2015,Bipul Sharma,2,0,0.0
2015,CH Gayle,359,77,21.45
2015,CH Morris,47,8,17.02
2015,CJ Anderson,98,17,17.35
2015,CM Gautam,5,0,0.0
2015,D Wiese,90,16,17.78
2015,DA Miller,274,42,15.33
2015,DA Warner,368,86,23.37
2015,DJ Bravo,151,27,17.88
2015,DJ Hooda,99,17,17.17
2015,DJ Muthuswami,3,0,0.0
2015,DJG Sammy,18,0,0.0
2015,DR Smith,341,68,19.94
2015,DS Kulkarni,12,0,0.0
2015,DW Steyn,13,3,23.08
2015,EJG Morgan,154,22,14.29
2015,F du Plessis,317,42,13.25
2015,G Gambhir,288,45,15.62
2015,GB Hogg,6,0,0.0
2015,GH Vihari,36,6,16.67
2015,GJ Bailey,196,29,14.8
2015,GJ Maxwell,115,21,18.26
2015,Gurkeerat Singh,41,4,9.76
2015,HH Pandya,68,17,25.0
2015,HV Patel,14,2,14.29
2015,Harbhajan Singh,81,18,22.22
2015,Imran Tahir,6,0,0.0
2015,Iqbal Abdulla,20,4,20.0
2015,J Botha,15,6,40.0
2015,J Suchith,33,6,18.18
2015,J Theron,1,0,0.0
2015,JA Morkel,70,11,15.71
2015,JP Duminy,327,47,14.37
2015,JP Faulkner,116,17,14.66
2015,KA Pollard,270,56,20.74
2015,KD Karthik,120,19,15.83
2015,KK Nair,147,23,15.65
2015,KL Rahul,133,13,9.77
2015,KM Jadhav,143,23,16.08
2015,KS Williamson,29,2,6.9
2015,KV Sharma,87,9,10.34
2015,Karanveer Singh,16,1,6.25
2015,LMP Simmons,455,77,16.92
2015,M Morkel,3,0,0.0
2015,M Vijay,233,35,15.02
2015,M Vohra,83,9,10.84
2015,MA Agarwal,187,30,16.04
2015,MA Starc,14,1,7.14
2015,MC Henriques,216,32,14.81
2015,MEK Hussey,73,8,10.96
2015,MG Johnson,38,2,5.26
2015,MJ McClenaghan,6,2,33.33
2015,MK Pandey,187,29,15.51
2015,MK Tiwary,58,9,15.52
2015,MM Sharma,18,3,16.67
2015,MS Bisla,30,7,23.33
2015,MS Dhoni,309,44,14.24
2015,Mandeep Singh,102,23,22.55
2015,NJ Maddinson,7,1,14.29
2015,NLTC Perera,15,1,6.67
2015,NM Coulter-Nile,20,3,15.0
2015,NV Ojha,126,16,12.7
2015,P Kumar,25,1,4.0
2015,P Negi,77,15,19.48
2015,PA Patel,255,52,20.39
2015,PJ Cummins,2,0,0.0
2015,PP Chawla,49,7,14.29
2015,PV Tambe,5,0,0.0
2015,Parvez Rasool,2,0,0.0
2015,Q de Kock,78,22,28.21
2015,R Ashwin,34,7,20.59
2015,R Bhatia,1,0,0.0
2015,R Dhawan,33,4,12.12
2015,R Vinay Kumar,2,0,0.0
2015,RA Jadeja,128,10,7.81
2015,RG More,2,0,0.0
2015,RG Sharma,339,62,18.29
2015,RN ten Doeschate,45,7,15.56
2015,RR Rossouw,10,2,20.0
2015,RS Bopara,121,12,9.92
2015,RV Uthappa,287,49,17.07
2015,S Aravind,1,0,0.0
2015,S Dhawan,293,51,17.41
2015,S Gopal,1,0,0.0
2015,S Nadeem,7,0,0.0
2015,SA Abbott,13,2,15.38
2015,SA Yadav,115,20,17.39
2015,SE Marsh,65,13,20.0
2015,SK Raina,319,47,14.73
2015,SL Malinga,11,1,9.09
2015,SN Khan,72,14,19.44
2015,SN Thakur,6,1,16.67
2015,SP Narine,1,0,0.0
2015,SPD Smith,228,37,16.23
2015,SR Watson,270,51,18.89
2015,SS Iyer,360,62,17.22
2015,SS Tiwary,83,14,16.87
2015,STR Binny,69,8,11.59
2015,SV Samson,166,24,14.46
2015,Sandeep Sharma,14,1,7.14
2015,Shakib Al Hasan,32,5,15.62
2015,TG Southee,9,1,11.11
2015,UBT Chand,89,15,16.85
2015,UT Yadav,16,6,37.5
2015,V Kohli,395,58,14.68
2015,V Sehwag,89,15,16.85
2015,VR Aaron,3,1,33.33
2015,WP Saha,205,26,12.68
2015,YK Pathan,243,41,16.87
2015,YS Chahal,1,0,0.0
2015,Yuvraj Singh,215,33,15.35
2016,A Ashish Reddy,30,6,20.0
2016,A Mishra,14,0,0.0
2016,A Nehra,1,0,0.0
2016,A Zampa,1,0,0.0
2016,AB de Villiers,415,94,22.65
2016,AD Nath,27,1,3.7
2016,AD Russell,125,25,20.0
2016,AJ Finch,311,56,18.01
2016,AM Rahane,387,63,16.28
2016,AP Tare,15,1,6.67
2016,AR Patel,81,12,14.81
2016,AT Rayudu,284,40,14.08
2016,Ankit Sharma,3,0,0.0
2016,B Kumar,28,7,25.0
2016,BB McCullum,273,54,19.78
2016,BB Sran,4,0,0.0
2016,BCJ Cutting,37,10,27.03
2016,Bipul Sharma,25,6,24.0
2016,C Munro,31,3,9.68
2016,CA Lynn,23,1,4.35
2016,CH Gayle,159,38,23.9
2016,CH Morris,114,27,23.68
2016,CJ Jordan,4,0,0.0
2016,CR Brathwaite,40,14,35.0
2016,D Wiese,4,0,0.0
2016,DA Miller,139,15,10.79
2016,DA Warner,579,119,20.55
2016,DJ Bravo,88,12,13.64
2016,DJ Hooda,125,14,11.2
2016,DR Smith,226,51,22.57
2016,DS Kulkarni,16,3,18.75
2016,DW Steyn,2,0,0.0
2016,EJG Morgan,105,12,11.43
2016,ER Dwivedi,15,4,26.67
2016,F Behardien,13,2,15.38
2016,F du Plessis,169,26,15.38
2016,G Gambhir,424,60,14.15
2016,GJ Bailey,99,11,11.11
2016,GJ Maxwell,129,22,17.05
2016,Gurkeerat Singh,87,14,16.09
2016,HH Pandya,66,4,6.06
2016,HM Amla,122,24,19.67
2016,Harbhajan Singh,91,13,14.29
2016,IK Pathan,14,0,0.0
2016,Imran Tahir,7,1,14.29
2016,Iqbal Abdulla,27,5,18.52
2016,Ishan Kishan,41,5,12.2
2016,J Yadav,12,0,0.0
2016,JA Morkel,9,2,22.22
2016,JC Buttler,189,34,17.99
2016,JJ Bumrah,11,1,9.09
2016,JO Holder,20,3,15.0
2016,JP Duminy,157,16,10.19
2016,JP Faulkner,60,7,11.67
2016,KA Pollard,156,27,17.31
2016,KC Cariappa,11,1,9.09
2016,KD Karthik,273,41,15.02
2016,KH Pandya,127,35,27.56
2016,KJ Abbott,8,1,12.5
2016,KK Nair,304,46,15.13
2016,KL Rahul,277,53,19.13
2016,KM Jadhav,33,4,12.12
2016,KP Pietersen,61,7,11.48
2016,KS Williamson,126,14,11.11
2016,KV Sharma,34,4,11.76
2016,KW Richardson,1,0,0.0
2016,LMP Simmons,8,1,12.5
2016,M Ashwin,1,0,0.0
2016,M Morkel,1,0,0.0
2016,M Vijay,373,60,16.09
2016,M Vohra,136,22,16.18
2016,MA Agarwal,26,4,15.38
2016,MC Henriques,162,21,12.96
2016,MG Johnson,14,0,0.0
2016,MJ Guptill,55,6,10.91
2016,MJ McClenaghan,23,5,21.74
2016,MK Pandey,190,26,13.68
2016,MM Sharma,27,4,14.81
2016,MP Stoinis,111,17,15.32
2016,MR Marsh,11,0,0.0
2016,MS Dhoni,220,32,14.55
2016,Mohammed Shami,4,0,0.0
2016,N Rana,78,15,19.23
2016,NLTC Perera,97,18,18.56
2016,NM Coulter-Nile,14,1,7.14
2016,NS Naik,33,1,3.03
2016,NV Ojha,142,12,8.45
2016,P Kumar,27,3,11.11
2016,P Negi,63,5,7.94
2016,P Sahu,13,2,15.38
2016,PA Patel,161,27,16.77
2016,PP Chawla,26,4,15.38
2016,PSP Handscomb,12,0,0.0
2016,PV Tambe,19,1,5.26
2016,Parvez Rasool,9,1,11.11
2016,Q de Kock,340,65,19.12
2016,R Ashwin,38,4,10.53
2016,R Bhatia,20,3,15.0
2016,R Dhawan,6,1,16.67
2016,R Sathish,24,2,8.33
2016,R Vinay Kumar,12,1,8.33
2016,RA Jadeja,189,18,9.52
2016,RG Sharma,372,66,17.74
2016,RR Pant,155,25,16.13
2016,RV Uthappa,300,53,17.67
2016,S Dhawan,438,59,13.47
2016,S Gopal,16,0,0.0
2016,S Kaushik,1,0,0.0
2016,S Nadeem,5,0,0.0
2016,SA Yadav,148,23,15.54
2016,SB Jakati,2,0,0.0
2016,SE Marsh,134,17,12.69
2016,SK Raina,321,49,15.26
2016,SN Khan,31,11,35.48
2016,SP Narine,14,0,0.0
2016,SPD Smith,184,35,19.02
2016,SR Watson,135,26,19.26
2016,SS Iyer,46,3,6.52
2016,SS Tiwary,149,21,14.09
2016,STR Binny,41,9,21.95
2016,SV Samson,265,28,10.57
2016,SW Billings,66,8,12.12
2016,Sachin Baby,82,14,17.07
2016,Sandeep Sharma,9,0,0.0
2016,Shakib Al Hasan,108,12,11.11
2016,Swapnil Singh,1,0,0.0
2016,TG Southee,20,3,15.0
2016,TM Head,42,5,11.9
2016,UBT Chand,5,0,0.0
2016,UT Khawaja,105,17,16.19
2016,UT Yadav,6,1,16.67
2016,V Kohli,655,122,18.63
2016,WP Saha,214,30,14.02
2016,YK Pathan,256,46,17.97
2016,Yuvraj Singh,183,35,19.13
2016,Z Khan,13,1,7.69
2017,A Choudhary,20,2,10.0
2017,A Mishra,56,4,7.14
2017,A Zampa,7,1,14.29
2017,AB Dinda,8,1,12.5
2017,AB de Villiers,171,28,16.37
2017,AD Mathews,28,3,10.71
2017,AD Nath,1,0,0.0
2017,AF Milne,12,0,0.0
2017,AJ Finch,190,44,23.16
2017,AJ Tye,30,7,23.33
2017,AM Rahane,328,44,13.41
2017,AP Tare,25,3,12.0
2017,AR Bawne,12,1,8.33
2017,AR Patel,171,22,12.87
2017,AS Rajpoot,7,1,14.29
2017,AT Rayudu,80,10,12.5
2017,Ankit Sharma,16,3,18.75
2017,Ankit Soni,9,1,11.11
2017,Anureet Singh,12,2,16.67
2017,B Kumar,4,0,0.0
2017,BA Stokes,227,37,16.3
2017,BB McCullum,227,47,20.7
2017,BCJ Cutting,27,8,29.63
2017,Basil Thampi,30,2,6.67
2017,Bipul Sharma,25,3,12.0
2017,C de Grandhomme,92,16,17.39
2017,CA Lynn,175,44,25.14
2017,CH Gayle,172,29,16.86
2017,CH Morris,97,21,21.65
2017,CJ Anderson,130,17,13.08
2017,CJ Jordan,1,0,0.0
2017,CR Brathwaite,16,2,12.5
2017,CR Woakes,47,5,10.64
2017,DA Miller,82,8,9.76
2017,DA Warner,462,89,19.26
2017,DJ Hooda,53,9,16.98
2017,DL Chahar,6,2,33.33
2017,DM Bravo,5,1,20.0
2017,DR Smith,158,40,25.32
2017,DS Kulkarni,2,0,0.0
2017,DT Christian,52,10,19.23
2017,EJG Morgan,62,8,12.9
2017,F du Plessis,7,1,14.29
2017,G Gambhir,405,69,17.04
2017,GJ Maxwell,186,46,24.73
2017,HH Pandya,172,31,18.02
2017,HM Amla,296,57,19.26
2017,Harbhajan Singh,17,1,5.88
2017,I Sharma,13,1,7.69
2017,IK Pathan,3,0,0.0
2017,IR Jaggi,40,3,7.5
2017,Imran Tahir,2,0,0.0
2017,Iqbal Abdulla,7,0,0.0
2017,Ishan Kishan,214,42,19.63
2017,JC Buttler,186,42,22.58
2017,JD Unadkat,5,0,0.0
2017,JJ Bumrah,12,1,8.33
2017,JJ Roy,41,10,24.39
2017,JP Faulkner,60,4,6.67
2017,K Rabada,68,6,8.82
2017,KA Pollard,294,50,17.01
2017,KC Cariappa,7,0,0.0
2017,KD Karthik,268,41,15.3
2017,KH Pandya,186,31,16.67
2017,KK Nair,229,45,19.65
2017,KM Jadhav,194,35,18.04
2017,KS Williamson,170,30,17.65
2017,KV Sharma,42,7,16.67
2017,Kuldeep Yadav,22,2,9.09
2017,LH Ferguson,1,0,0.0
2017,LMP Simmons,116,18,15.52
2017,M Vohra,170,32,18.82
2017,MA Agarwal,29,3,10.34
2017,MC Henriques,205,32,15.61
2017,MG Johnson,17,2,11.76
2017,MJ Guptill,88,22,25.0
2017,MJ McClenaghan,16,1,6.25
2017,MK Pandey,315,40,12.7
2017,MK Tiwary,242,42,17.36
2017,MM Patel,1,0,0.0
2017,MM Sharma,51,5,9.8
2017,MN Samuels,32,3,9.38
2017,MP Stoinis,25,1,4.0
2017,MS Dhoni,261,31,11.88
2017,Mandeep Singh,178,25,14.04
2017,Mohammad Nabi,3,0,0.0
2017,Mohammed Shami,24,6,25.0
2017,N Rana,277,41,14.8
2017,NM Coulter-Nile,13,2,15.38
2017,NV Ojha,70,5,7.14
2017,P Kumar,9,0,0.0
2017,P Negi,114,17,14.91
2017,PA Patel,308,57,18.51
2017,PJ Cummins,54,9,16.67
2017,PJ Sangwan,4,0,0.0
2017,PP Chawla,6,0,0.0
2017,R Bhatia,17,1,5.88
2017,R Tewatia,11,4,36.36
2017,RA Jadeja,118,17,14.41
2017,RA Tripathi,275,60,21.82
2017,RD Chahar,2,0,0.0
2017,RG Sharma,278,40,14.39
2017,RR Pant,226,52,23.01
2017,RV Uthappa,239,57,23.85
2017,Rashid Khan,9,1,11.11
2017,S Aravind,40,2,5.0
2017,S Badree,25,0,0.0
2017,S Dhawan,383,62,16.19
2017,S Kaul,2,0,0.0
2017,S Nadeem,9,0,0.0
2017,SA Yadav,89,11,12.36
2017,SE Marsh,198,41,20.71
2017,SK Raina,310,55,17.74
2017,SL Malinga,3,1,33.33
2017,SN Thakur,3,0,0.0
2017,SP Jackson,31,5,16.13
2017,SP Narine,135,44,32.59
2017,SPD Smith,400,50,12.5
2017,SR Watson,80,7,8.75
2017,SS Iyer,249,46,18.47
2017,SS Tiwary,46,9,19.57
2017,STR Binny,77,9,11.69
2017,SV Samson,275,51,18.55
2017,SW Billings,107,20,18.69
2017,Sachin Baby,17,2,11.76
2017,Sandeep Sharma,7,0,0.0
2017,Shakib Al Hasan,1,0,0.0
2017,Swapnil Singh,19,0,0.0
2017,TA Boult,8,0,0.0
2017,TG Southee,3,1,33.33
2017,TM Head,109,15,13.76
2017,TS Mills,11,1,9.09
2017,UT Yadav,13,0,0.0
2017,V Kohli,257,34,13.23
2017,V Shankar,77,13,16.88
2017,VR Aaron,11,0,0.0
2017,Vishnu Vinod,26,2,7.69
2017,WP Saha,194,28,14.43
2017,Washington Sundar,12,0,0.0
2017,YK Pathan,123,15,12.2
2017,YS Chahal,26,0,0.0
2017,Yuvraj Singh,188,38,20.21
2017,Z Khan,13,0,0.0
2018,A Dananjaya,5,0,0.0
2018,A Mishra,2,0,0.0
2018,AB de Villiers,280,69,24.64
2018,AD Hales,119,19,15.97
2018,AD Nath,13,1,7.69
2018,AD Russell,179,48,26.82
2018,AJ Finch,102,14,13.73
2018,AJ Tye,40,3,7.5
2018,AM Rahane,321,44,13.71
2018,AR Patel,71,7,9.86
2018,AS Rajpoot,18,1,5.56
2018,AT Rayudu,410,87,21.22
2018,Abhishek Sharma,35,8,22.86
2018,Anureet Singh,4,0,0.0
2018,B Kumar,18,1,5.56
2018,B Laughlin,4,0,0.0
2018,B Stanlake,2,1,50.0
2018,BA Stokes,166,19,11.45
2018,BB McCullum,91,22,24.18
2018,BB Sran,7,0,0.0
2018,BCJ Cutting,59,13,22.03
2018,Basil Thampi,6,0,0.0
2018,C Munro,41,11,26.83
2018,C de Grandhomme,87,14,16.09
2018,CA Lynn,382,74,19.37
2018,CH Gayle,261,57,21.84
2018,CH Morris,26,5,19.23
2018,CJ Anderson,22,1,4.55
2018,CR Brathwaite,54,9,16.67
2018,CR Woakes,19,2,10.53
2018,DA Miller,66,5,7.58
2018,DJ Bravo,93,18,19.35
2018,DJ Hooda,86,5,5.81
2018,DJM Short,102,16,15.69
2018,DL Chahar,30,5,16.67
2018,DR Shorey,9,1,11.11
2018,DS Kulkarni,7,0,0.0
2018,DT Christian,33,1,3.03
2018,E Lewis,290,56,19.31
2018,F du Plessis,130,23,17.69
2018,G Gambhir,91,9,9.89
2018,GJ Maxwell,122,23,18.85
2018,H Klaasen,48,6,12.5
2018,HH Pandya,205,31,15.12
2018,HV Patel,33,7,21.21
2018,Harbhajan Singh,38,4,10.53
2018,IS Sodhi,6,0,0.0
2018,Imran Tahir,2,0,0.0
2018,Ishan Kishan,187,39,20.86
2018,JC Archer,21,2,9.52
2018,JC Buttler,365,73,20.0
2018,JD Unadkat,38,7,18.42
2018,JJ Bumrah,11,1,9.09
2018,JJ Roy,98,16,16.33
2018,JP Duminy,46,4,8.7
2018,JPR Scantlebury-Searles,6,1,16.67
2018,K Gowtham,67,18,26.87
2018,KA Pollard,104,17,16.35
2018,KD Karthik,349,65,18.62
2018,KH Pandya,164,32,19.51
2018,KK Nair,225,36,16.0
2018,KL Rahul,426,98,23.0
2018,KM Jadhav,23,3,13.04
2018,KS Williamson,522,92,17.62
2018,Kuldeep Yadav,25,1,4.0
2018,LE Plunkett,3,0,0.0
2018,M Ashwin,2,0,0.0
2018,M Markande,25,2,8.0
2018,M Prasidh Krishna,5,0,0.0
2018,M Vijay,11,1,9.09
2018,M Vohra,50,6,12.0
2018,MA Agarwal,94,14,14.89
2018,MA Wood,5,0,0.0
2018,MG Johnson,11,2,18.18
2018,MJ McClenaghan,12,2,16.67
2018,MK Lomror,21,1,4.76
2018,MK Pandey,257,27,10.51
2018,MK Tiwary,45,5,11.11
2018,MM Ali,46,10,21.74
2018,MM Sharma,14,1,7.14
2018,MP Stoinis,78,10,12.82
2018,MS Dhoni,321,54,16.82
2018,Mandeep Singh,193,27,13.99
2018,Mohammad Nabi,12,3,25.0
2018,Mohammed Shami,6,1,16.67
2018,Mohammed Siraj,23,3,13.04
2018,Mujeeb Ur Rahman,7,2,28.57
2018,Mustafizur Rahman,3,0,0.0
2018,N Rana,238,40,16.81
2018,NV Ojha,4,0,0.0
2018,P Chopra,6,2,33.33
2018,P Negi,5,0,0.0
2018,PA Patel,109,24,22.02
2018,PJ Sangwan,5,0,0.0
2018,PP Chawla,36,2,5.56
2018,PP Shaw,165,37,22.42
2018,Q de Kock,164,28,17.07
2018,R Ashwin,76,12,15.79
2018,R Tewatia,47,6,12.77
2018,R Vinay Kumar,4,1,25.0
2018,RA Jadeja,80,7,8.75
2018,RA Tripathi,173,26,15.03
2018,RG Sharma,223,37,16.59
2018,RK Bhui,5,0,0.0
2018,RK Singh,34,4,11.76
2018,RR Pant,412,105,25.49
2018,RV Uthappa,274,51,18.61
2018,Rashid Khan,32,9,28.12
2018,S Dhawan,379,73,19.26
2018,S Gopal,47,5,10.64
2018,S Kaul,14,0,0.0
2018,S Nadeem,8,0,0.0
2018,SA Yadav,391,77,19.69
2018,SK Raina,354,58,16.38
2018,SN Khan,43,8,18.6
2018,SN Thakur,5,3,60.0
2018,SP Goswami,42,7,16.67
2018,SP Narine,198,63,31.82
2018,SR Watson,368,79,21.47
2018,SS Iyer,317,50,15.77
2018,STR Binny,39,4,10.26
2018,SV Samson,325,49,15.08
2018,SW Billings,78,13,16.67
2018,Sandeep Sharma,4,0,0.0
2018,Shakib Al Hasan,203,31,15.27
2018,Shivam Mavi,15,1,6.67
2018,Shubman Gill,142,27,19.01
2018,TA Boult,2,0,0.0
2018,TG Southee,46,6,13.04
2018,TK Curran,28,3,10.71
2018,UT Yadav,12,0,0.0
2018,V Kohli,385,70,18.18
2018,V Shankar,156,22,14.1
2018,WP Saha,108,18,16.67
2018,Washington Sundar,40,9,22.5
2018,YK Pathan,211,33,15.64
2018,YS Chahal,4,0,0.0
2018,Yuvraj Singh,74,8,10.81
2019,A Mishra,26,2,7.69
2019,AB de Villiers,294,57,19.39
2019,AD Nath,58,7,12.07
2019,AD Russell,274,84,30.66
2019,AJ Turner,11,0,0.0
2019,AJ Tye,2,0,0.0
2019,AM Rahane,289,54,18.69
2019,AR Patel,90,13,14.44
2019,AS Joseph,13,2,15.38
2019,AT Rayudu,307,27,8.79
2019,Abhishek Sharma,10,1,10.0
2019,Avesh Khan,3,1,33.33
2019,B Kumar,19,1,5.26
2019,BA Stokes,100,12,12.0
2019,BB Sran,3,0,0.0
2019,BCJ Cutting,17,2,11.76
2019,Basil Thampi,1,0,0.0
2019,C Munro,72,13,18.06
2019,C de Grandhomme,50,6,12.0
2019,CA Ingram,157,25,15.92
2019,CA Lynn,296,63,21.28
2019,CH Gayle,338,79,23.37
2019,CH Morris,38,3,7.89
2019,CR Brathwaite,10,1,10.0
2019,DA Miller,174,26,14.94
2019,DA Warner,496,78,15.73
2019,DJ Bravo,68,9,13.24
2019,DJ Hooda,68,6,8.82
2019,DL Chahar,10,1,10.0
2019,DR Shorey,11,0,0.0
2019,DS Kulkarni,3,1,33.33
2019,E Lewis,53,6,11.32
2019,F du Plessis,326,51,15.64
2019,GC Viljoen,7,0,0.0
2019,GH Vihari,8,0,0.0
2019,Gurkeerat Singh,73,13,17.81
2019,H Klaasen,10,0,0.0
2019,HF Gurney,5,0,0.0
2019,HH Pandya,225,58,25.78
2019,HV Patel,3,0,0.0
2019,Harbhajan Singh,3,0,0.0
2019,Harpreet Brar,14,3,21.43
2019,I Sharma,3,2,66.67
2019,IS Sodhi,12,0,0.0
2019,Ishan Kishan,104,12,11.54
2019,J Suchith,15,0,0.0
2019,JC Archer,41,8,19.51
2019,JC Buttler,213,52,24.41
2019,JD Unadkat,3,0,0.0
2019,JJ Bumrah,1,0,0.0
2019,JL Denly,1,0,0.0
2019,JM Bairstow,292,66,22.6
2019,K Gowtham,19,2,10.53
2019,K Rabada,15,1,6.67
2019,KA Pollard,186,36,19.35
2019,KC Cariappa,3,1,33.33
2019,KD Karthik,180,36,20.0
2019,KH Pandya,158,23,14.56
2019,KK Ahmed,1,0,0.0
2019,KK Nair,6,0,0.0
2019,KL Rahul,447,74,16.55
2019,KM Jadhav,172,22,12.79
2019,KMA Paul,26,2,7.69
2019,KS Williamson,134,17,12.69
2019,Kuldeep Yadav,8,1,12.5
2019,LS Livingstone,48,11,22.92
2019,M Ashwin,5,0,0.0
2019,M Markande,5,1,20.0
2019,M Prasidh Krishna,2,0,0.0
2019,M Vijay,61,7,11.48
2019,MA Agarwal,241,40,16.6
2019,MJ Guptill,54,11,20.37
2019,MJ McClenaghan,16,2,12.5
2019,MJ Santner,25,3,12.0
2019,MK Lomror,3,2,66.67
2019,MK Pandey,268,40,14.93
2019,MM Ali,137,33,24.09
2019,MM Sharma,2,0,0.0
2019,MP Stoinis,159,24,15.09
2019,MS Dhoni,317,45,14.2
2019,Mandeep Singh,122,14,11.48
2019,Mohammad Nabi,81,16,19.75
2019,Mohammed Shami,2,0,0.0
2019,Mohammed Siraj,15,0,0.0
2019,Mujeeb Ur Rahman,4,0,0.0
2019,N Pooran,110,24,21.82
2019,N Rana,240,48,20.0
2019,NS Naik,17,1,5.88
2019,Navdeep Saini,4,0,0.0
2019,P Negi,12,1,8.33
2019,P Ray Barman,25,2,8.0
2019,P Simran Singh,18,2,11.11
2019,PA Patel,273,58,21.25
2019,PP Chawla,38,6,15.79
2019,PP Shaw,270,54,20.0
2019,Q de Kock,404,70,17.33
2019,R Ashwin,28,6,21.43
2019,R Parag,133,22,16.54
2019,R Tewatia,22,3,13.64
2019,RA Jadeja,94,11,11.7
2019,RA Tripathi,122,15,12.3
2019,RD Chahar,11,2,18.18
2019,RG Sharma,319,62,19.44
2019,RK Bhui,13,0,0.0
2019,RK Singh,34,3,8.82
2019,RR Pant,311,64,20.58
2019,RV Uthappa,256,38,14.84
2019,Rashid Khan,26,4,15.38
2019,Rasikh Salam,4,0,0.0
2019,S Dhawan,391,75,19.18
2019,S Dube,33,4,12.12
2019,S Gopal,46,9,19.57
2019,S Kaul,1,0,0.0
2019,S Lamichhane,1,0,0.0
2019,SA Yadav,327,55,16.82
2019,SD Lad,13,2,15.38
2019,SE Rutherford,55,9,16.36
2019,SK Raina,321,54,16.82
2019,SM Curran,55,16,29.09
2019,SN Khan,145,23,15.86
2019,SN Thakur,7,2,28.57
2019,SO Hetmyer,76,11,14.47
2019,SP Narine,90,26,28.89
2019,SPD Smith,283,34,12.01
2019,SR Watson,321,62,19.31
2019,SS Iyer,399,56,14.04
2019,STR Binny,42,9,21.43
2019,SV Samson,238,41,17.23
2019,SW Billings,5,0,0.0
2019,Sandeep Sharma,4,1,25.0
2019,Shakib Al Hasan,11,0,0.0
2019,Shubman Gill,242,31,12.81
2019,TA Boult,4,1,25.0
2019,TG Southee,9,0,0.0
2019,UT Yadav,26,4,15.38
2019,V Kohli,332,59,17.77
2019,V Shankar,196,23,11.73
2019,VR Aaron,7,0,0.0
2019,WP Saha,55,14,25.45
2019,Washington Sundar,4,0,0.0
2019,Y Prithvi Raj,1,0,0.0
2019,YK Pathan,47,2,4.26
2019,YS Chahal,16,0,0.0
2019,Yuvraj Singh,83,13,15.66
2020/21,A Nortje,6,0,0.0
2020/21,AB de Villiers,296,57,19.26
2020/21,AD Russell,82,18,21.95
2020/21,AJ Finch,254,36,14.17
2020/21,AJ Tye,7,1,14.29
2020/21,AM Rahane,113,14,12.39
2020/21,AR Patel,90,14,15.56
2020/21,AS Rajpoot,10,1,10.0
2020/21,AT Carey,29,1,3.45
2020/21,AT Rayudu,289,42,14.53
2020/21,Abdul Samad,68,14,20.59
2020/21,Abhishek Sharma,59,9,15.25
2020/21,Arshdeep Singh,3,0,0.0
2020/21,B Kumar,2,0,0.0
2020/21,BA Stokes,207,43,20.77
2020/21,CH Gayle,225,39,17.33
2020/21,CH Morris,21,5,23.81
2020/21,CJ Jordan,33,2,6.06
2020/21,CV Varun,16,0,0.0
2020/21,D Padikkal,398,59,14.82
2020/21,DA Warner,423,66,15.6
2020/21,DJ Bravo,6,0,0.0
2020/21,DJ Hooda,74,10,13.51
2020/21,DL Chahar,12,0,0.0
2020/21,DR Sams,2,0,0.0
2020/21,DS Kulkarni,2,0,0.0
2020/21,DW Steyn,2,0,0.0
2020/21,EJG Morgan,314,56,17.83
2020/21,F du Plessis,329,56,17.02
2020/21,GJ Maxwell,112,9,8.04
2020/21,Gurkeerat Singh,83,8,9.64
2020/21,HH Pandya,167,39,23.35
2020/21,HV Patel,25,2,8.0
2020/21,I Udana,11,2,18.18
2020/21,Imran Tahir,10,2,20.0
2020/21,Ishan Kishan,361,66,18.28
2020/21,JC Archer,66,15,22.73
2020/21,JC Buttler,233,43,18.45
2020/21,JD Unadkat,13,0,0.0
2020/21,JDS Neesham,18,1,5.56
2020/21,JJ Bumrah,3,0,0.0
2020/21,JL Pattinson,13,2,15.38
2020/21,JM Bairstow,284,44,15.49
2020/21,JO Holder,54,8,14.81
2020/21,JR Philippe,80,10,12.5
2020/21,K Gowtham,27,5,18.52
2020/21,K Rabada,52,6,11.54
2020/21,KA Pollard,157,39,24.84
2020/21,KD Karthik,137,24,17.52
2020/21,KH Pandya,92,14,15.22
2020/21,KK Ahmed,2,0,0.0
2020/21,KK Nair,14,2,14.29
2020/21,KL Nagarkoti,32,1,3.12
2020/21,KL Rahul,531,81,15.25
2020/21,KM Jadhav,68,7,10.29
2020/21,KS Williamson,241,36,14.94
2020/21,Kartik Tyagi,6,0,0.0
2020/21,Kuldeep Yadav,21,1,4.76
2020/21,LH Ferguson,29,5,17.24
2020/21,M Ashwin,4,0,0.0
2020/21,M Prasidh Krishna,4,0,0.0
2020/21,M Vijay,44,4,9.09
2020/21,MA Agarwal,285,61,21.4
2020/21,MK Lomror,54,5,9.26
2020/21,MK Pandey,350,53,15.14
2020/21,MM Ali,16,1,6.25
2020/21,MP Stoinis,250,47,18.8
2020/21,MR Marsh,1,0,0.0
2020/21,MS Dhoni,175,23,13.14
2020/21,Mandeep Singh,111,14,12.61
2020/21,Mohammad Nabi,8,2,25.0
2020/21,Mohammed Shami,3,0,0.0
2020/21,Mohammed Siraj,14,2,14.29
2020/21,Mujeeb Ur Rahman,3,0,0.0
2020/21,N Jagadeesan,31,4,12.9
2020/21,N Pooran,215,48,22.33
2020/21,N Rana,260,55,21.15
2020/21,NM Coulter-Nile,15,4,26.67
2020/21,NS Naik,3,0,0.0
2020/21,Navdeep Saini,27,3,11.11
2020/21,P Dubey,13,0,0.0
2020/21,P Simran Singh,15,2,13.33
2020/21,PJ Cummins,120,17,14.17
2020/21,PK Garg,116,13,11.21
2020/21,PP Shaw,170,35,20.59
2020/21,Q de Kock,368,68,18.48
2020/21,R Ashwin,34,4,11.76
2020/21,R Parag,81,9,11.11
2020/21,R Tewatia,187,30,16.04
2020/21,RA Jadeja,142,33,23.24
2020/21,RA Tripathi,186,31,16.67
2020/21,RD Chahar,4,0,0.0
2020/21,RD Gaikwad,173,22,12.72
2020/21,RG Sharma,275,46,16.73
2020/21,RK Singh,11,1,9.09
2020/21,RR Pant,319,41,12.85
2020/21,RV Uthappa,170,26,15.29
2020/21,Rashid Khan,32,5,15.62
2020/21,Ravi Bishnoi,12,1,8.33
2020/21,S Dhawan,433,80,18.48
2020/21,S Dube,109,14,12.84
2020/21,S Gopal,41,3,7.32
2020/21,S Nadeem,8,1,12.5
2020/21,SA Yadav,340,72,21.18
2020/21,SM Curran,145,24,16.55
2020/21,SN Khan,30,5,16.67
2020/21,SN Thakur,21,0,0.0
2020/21,SO Hetmyer,127,23,18.11
2020/21,SP Goswami,5,0,0.0
2020/21,SP Narine,92,18,19.57
2020/21,SPD Smith,247,41,16.6
2020/21,SR Watson,254,46,18.11
2020/21,SS Cottrell,2,0,0.0
2020/21,SS Iyer,433,56,12.93
2020/21,SS Tiwary,81,11,13.58
2020/21,SV Samson,242,47,19.42
2020/21,Sandeep Sharma,15,1,6.67
2020/21,Shahbaz Ahmed,1,0,0.0
2020/21,Shivam Mavi,14,1,7.14
2020/21,Shubman Gill,382,53,13.87
2020/21,T Banton,22,2,9.09
2020/21,T Natarajan,5,0,0.0
2020/21,TA Boult,1,0,0.0
2020/21,TK Curran,63,8,12.7
2020/21,TU Deshpande,12,3,25.0
2020/21,UT Yadav,2,0,0.0
2020/21,V Kohli,402,35,8.71
2020/21,V Shankar,99,11,11.11
2020/21,VR Aaron,10,0,0.0
2020/21,WP Saha,159,29,18.24
2020/21,Washington Sundar,98,12,12.24
2020/21,YBK Jaiswal,44,4,9.09
2020/21,YS Chahal,5,0,0.0
2021,AB de Villiers,215,39,18.14
2021,AD Russell,127,28,22.05
2021,AF Milne,19,1,5.26
2021,AK Markram,123,16,13.01
2021,AM Rahane,9,1,11.11
2021,AR Patel,52,3,5.77
2021,AT Rayudu,175,33,18.86
2021,Abdul Samad,89,12,13.48
2021,Abhishek Sharma,78,11,14.1
2021,Anmolpreet Singh,14,3,21.43
2021,Anuj Rawat,1,0,0.0
2021,Arshdeep Singh,3,0,0.0
2021,Avesh Khan,3,1,33.33
2021,B Kumar,32,3,9.38
2021,BA Stokes,3,0,0.0
2021,C Sakariya,25,2,8.0
2021,CA Lynn,36,7,19.44
2021,CH Gayle,160,29,18.12
2021,CH Morris,53,7,13.21
2021,CJ Jordan,21,4,19.05
2021,CR Woakes,11,2,18.18
2021,CV Varun,4,0,0.0
2021,D Padikkal,342,58,16.96
2021,DA Miller,115,14,12.17
2021,DA Warner,191,21,10.99
2021,DJ Bravo,22,7,31.82
2021,DJ Hooda,125,18,14.4
2021,DJ Malan,26,2,7.69
2021,DL Chahar,1,0,0.0
2021,DR Sams,6,0,0.0
2021,DT Christian,24,1,4.17
2021,E Lewis,96,25,26.04
2021,EJG Morgan,142,14,9.86
2021,F du Plessis,471,84,17.83
2021,FA Allen,12,0,0.0
2021,GD Phillips,33,3,9.09
2021,GHS Garton,4,0,0.0
2021,GJ Maxwell,373,69,18.5
2021,HH Pandya,116,16,13.79
2021,HV Patel,48,8,16.67
2021,Harbhajan Singh,4,0,0.0
2021,Harpreet Brar,61,5,8.2
2021,Ishan Kishan,182,31,17.03
2021,J Suchith,6,3,50.0
2021,J Yadav,26,3,11.54
2021,JA Richardson,25,2,8.0
2021,JC Buttler,173,40,23.12
2021,JD Unadkat,32,5,15.62
2021,JDS Neesham,2,0,0.0
2021,JJ Bumrah,17,2,11.76
2021,JJ Roy,125,22,17.6
2021,JM Bairstow,179,35,19.55
2021,JO Holder,73,8,10.96
2021,K Rabada,6,2,33.33
2021,K Yadav,4,0,0.0
2021,KA Jamieson,55,8,14.55
2021,KA Pollard,180,32,17.78
2021,KD Karthik,172,29,16.86
2021,KH Pandya,126,16,12.7
2021,KK Ahmed,2,0,0.0
2021,KL Nagarkoti,2,0,0.0
2021,KL Rahul,465,78,16.77
2021,KM Jadhav,55,4,7.27
2021,KS Bharat,161,18,11.18
2021,KS Williamson,250,32,12.8
2021,Kartik Tyagi,4,0,0.0
2021,LH Ferguson,13,2,15.38
2021,LS Livingstone,43,4,9.3
2021,Lalit Yadav,75,7,9.33
2021,M Ashwin,24,1,4.17
2021,M Jansen,4,0,0.0
2021,M Prasidh Krishna,1,0,0.0
2021,M Shahrukh Khan,118,19,16.1
2021,M Vohra,40,7,17.5
2021,MA Agarwal,324,60,18.52
2021,MC Henriques,32,1,3.12
2021,MK Lomror,76,9,11.84
2021,MK Pandey,246,31,12.6
2021,MM Ali,270,50,18.52
2021,MP Stoinis,74,12,16.22
2021,MS Dhoni,111,15,13.51
2021,Mandeep Singh,14,2,14.29
2021,Mohammad Nabi,22,5,22.73
2021,Mohammed Shami,17,0,0.0
2021,Mohammed Siraj,26,2,7.69
2021,Mujeeb Ur Rahman,1,0,0.0
2021,Mustafizur Rahman,14,1,7.14
2021,N Pooran,77,8,10.39
2021,N Rana,325,51,15.69
2021,NM Coulter-Nile,5,0,0.0
2021,NT Ellis,17,1,5.88
2021,Navdeep Saini,5,0,0.0
2021,P Simran Singh,23,2,8.7
2021,PJ Cummins,60,13,21.67
2021,PK Garg,75,5,6.67
2021,PP Chawla,2,0,0.0
2021,PP Shaw,308,74,24.03
2021,PWH de Silva,2,0,0.0
2021,Q de Kock,261,36,13.79
2021,R Ashwin,43,3,6.98
2021,R Parag,84,10,11.9
2021,R Tewatia,152,17,11.18
2021,RA Jadeja,170,28,16.47
2021,RA Tripathi,285,52,18.25
2021,RD Chahar,15,1,6.67
2021,RD Gaikwad,474,87,18.35
2021,RG Sharma,307,47,15.31
2021,RM Patidar,65,6,9.23
2021,RR Pant,343,53,15.45
2021,RV Patel,29,3,10.34
2021,RV Uthappa,86,13,15.12
2021,Rashid Khan,71,11,15.49
2021,Ravi Bishnoi,5,0,0.0
2021,S Dhawan,480,79,16.46
2021,S Dube,205,28,13.66
2021,S Gopal,5,1,20.0
2021,S Kaul,8,1,12.5
2021,S Nadeem,1,0,0.0
2021,SA Yadav,226,50,22.12
2021,SK Raina,133,22,16.54
2021,SM Curran,30,8,26.67
2021,SN Khan,4,0,0.0
2021,SN Thakur,6,0,0.0
2021,SO Hetmyer,153,31,20.26
2021,SP Narine,51,8,15.69
2021,SPD Smith,136,15,11.03
2021,SS Iyer,181,12,6.63
2021,SS Tiwary,99,12,12.12
2021,SV Samson,372,62,16.67
2021,Sachin Baby,17,0,0.0
2021,Sandeep Sharma,7,1,14.29
2021,Shahbaz Ahmed,55,6,10.91
2021,Shakib Al Hasan,50,4,8.0
2021,Shivam Mavi,21,4,19.05
2021,Shubman Gill,415,62,14.94
2021,T Shamsi,4,0,0.0
2021,TA Boult,4,0,0.0
2021,TG Southee,5,0,0.0
2021,TH David,3,0,0.0
2021,TK Curran,17,2,11.76
2021,TL Seifert,5,0,0.0
2021,V Kohli,347,52,14.99
2021,V Shankar,52,4,7.69
2021,VR Iyer,299,51,17.06
2021,Virat Singh,26,1,3.85
2021,WP Saha,144,12,8.33
2021,Washington Sundar,48,2,4.17
2021,YBK Jaiswal,168,42,25.0
2021,YS Chahal,27,0,0.0
2022,A Badoni,139,18,12.95
2022,A Manohar,79,17,21.52
2022,A Nortje,7,0,0.0
2022,A Tomar,8,1,12.5
2022,AD Russell,200,50,25.0
2022,AJ Finch,70,13,18.57
2022,AK Markram,277,44,15.88
2022,AM Rahane,131,18,13.74
2022,AR Patel,122,22,18.03
2022,AS Joseph,7,0,0.0
2022,AS Roy,2,0,0.0
2022,AT Rayudu,230,40,17.39
2022,Abdul Samad,7,0,0.0
2022,Abhishek Sharma,329,60,18.24
2022,Akash Deep,2,0,0.0
2022,Aman Hakim Khan,3,1,33.33
2022,Anmolpreet Singh,13,1,7.69
2022,Anuj Rawat,123,17,13.82
2022,Arshdeep Singh,30,3,10.0
2022,Avesh Khan,13,3,23.08
2022,B Indrajith,31,2,6.45
2022,B Kumar,28,3,10.71
2022,B Sai Sudharsan,118,17,14.41
2022,CJ Jordan,9,0,0.0
2022,CV Varun,18,2,11.11
2022,D Brevis,116,25,21.55
2022,D Padikkal,317,55,17.35
2022,D Pretorius,28,6,21.43
2022,DA Miller,348,55,15.8
2022,DA Warner,301,67,22.26
2022,DJ Bravo,26,2,7.69
2022,DJ Hooda,340,54,15.88
2022,DJ Mitchell,46,1,2.17
2022,DJ Willey,32,3,9.38
2022,DP Conway,176,35,19.89
2022,DR Sams,40,4,10.0
2022,E Lewis,60,11,18.33
2022,F du Plessis,377,62,16.45
2022,FA Allen,7,1,14.29
2022,Fazalhaq Farooqi,8,0,0.0
2022,GJ Maxwell,184,46,25.0
2022,HE van der Dussen,25,2,8.0
2022,HH Pandya,387,61,15.76
2022,HR Shokeen,48,5,10.42
2022,HV Patel,42,6,14.29
2022,Harpreet Brar,25,3,12.0
2022,Harshit Rana,2,0,0.0
2022,Ishan Kishan,355,56,15.77
2022,J Suchith,8,0,0.0
2022,JC Buttler,596,129,21.64
2022,JD Unadkat,37,7,18.92
2022,JDS Neesham,27,3,11.11
2022,JJ Bumrah,9,0,0.0
2022,JM Bairstow,180,43,23.89
2022,JM Sharma,149,34,22.82
2022,JO Holder,46,8,17.39
2022,JR Hazlewood,27,1,3.7
2022,K Gowtham,2,0,0.0
2022,K Kartikeya,6,0,0.0
2022,K Rabada,47,7,14.89
2022,KA Pollard,146,15,10.27
2022,KD Karthik,188,49,26.06
2022,KH Pandya,150,20,13.33
2022,KK Ahmed,2,0,0.0
2022,KK Nair,18,1,5.56
2022,KL Rahul,472,75,15.89
2022,KR Sen,3,0,0.0
2022,KS Bharat,7,2,28.57
2022,KS Sharma,4,1,25.0
2022,KS Williamson,235,24,10.21
2022,Kartik Tyagi,6,1,16.67
2022,Kuldeep Yadav,54,5,9.26
2022,LH Ferguson,4,1,25.0
2022,LS Livingstone,261,63,24.14
2022,Lalit Yadav,152,18,11.84
2022,M Ashwin,14,2,14.29
2022,M Jansen,7,1,14.29
2022,M Prasidh Krishna,12,0,0.0
2022,M Shahrukh Khan,118,13,11.02
2022,M Theekshana,7,1,14.29
2022,M Vohra,12,3,25.0
2022,MA Agarwal,167,29,17.37
2022,MJ Santner,30,3,10.0
2022,MK Lomror,60,11,18.33
2022,MK Pandey,84,11,13.1
2022,MM Ali,183,35,19.13
2022,MP Stoinis,116,20,17.24
2022,MR Marsh,192,33,17.19
2022,MS Dhoni,198,31,15.66
2022,MS Wade,145,25,17.24
2022,Mandeep Singh,24,4,16.67
2022,Mohammed Siraj,33,5,15.15
2022,Mohsin Khan,19,3,15.79
2022,Mukesh Choudhary,6,1,16.67
2022,Mustafizur Rahman,5,0,0.0
2022,N Jagadeesan,40,4,10.0
2022,N Pooran,228,37,16.23
2022,N Rana,259,51,19.69
2022,NM Coulter-Nile,2,0,0.0
2022,NT Ellis,2,0,0.0
2022,Navdeep Saini,2,0,0.0
2022,OC McCoy,5,1,20.0
2022,OF Smith,50,6,12.0
2022,P Simran Singh,11,2,18.18
2022,PBB Rajapaksa,137,29,21.17
2022,PJ Cummins,24,11,45.83
2022,PJ Sangwan,6,0,0.0
2022,PK Garg,33,6,18.18
2022,PN Mankad,1,1,100.0
2022,PP Shaw,193,47,24.35
2022,PVD Chameera,32,6,18.75
2022,PWH de Silva,48,5,10.42
2022,Q de Kock,350,70,20.0
2022,R Ashwin,140,23,16.43
2022,R Dhawan,41,6,14.63
2022,R Parag,136,21,15.44
2022,R Powell,174,32,18.39
2022,R Sanjay Yadav,2,0,0.0
2022,R Shepherd,43,7,16.28
2022,R Tewatia,156,31,19.87
2022,RA Bawa,14,1,7.14
2022,RA Jadeja,105,11,10.48
2022,RA Tripathi,271,60,22.14
2022,RD Chahar,70,11,15.71
2022,RD Gaikwad,298,47,15.77
2022,RG Sharma,234,41,17.52
2022,RK Singh,125,24,19.2
2022,RM Patidar,232,45,19.4
2022,RP Meredith,1,0,0.0
2022,RR Pant,234,51,21.79
2022,RV Patel,3,1,33.33
2022,RV Uthappa,181,33,18.23
2022,Ramandeep Singh,42,4,9.52
2022,Rashid Khan,44,12,27.27
2022,Rasikh Salam,6,1,16.67
2022,Ravi Bishnoi,1,0,0.0
2022,S Dhawan,395,59,14.94
2022,S Dube,194,38,19.59
2022,S Gopal,7,2,28.57
2022,SA Abbott,5,1,20.0
2022,SA Yadav,210,39,18.57
2022,SE Rutherford,52,2,3.85
2022,SN Khan,69,11,15.94
2022,SN Thakur,90,14,15.56
2022,SO Hetmyer,221,42,19.0
2022,SP Jackson,26,1,3.85
2022,SP Narine,40,12,30.0
2022,SS Iyer,310,52,16.77
2022,SS Prabhudessai,62,9,14.52
2022,SV Samson,321,69,21.5
2022,SW Billings,143,19,13.29
2022,Shahbaz Ahmed,197,23,11.68
2022,Shashank Singh,47,9,19.15
2022,Shivam Mavi,8,0,0.0
2022,Shubman Gill,374,62,16.58
2022,Simarjeet Singh,8,0,0.0
2022,T Stubbs,4,0,0.0
2022,TA Boult,30,3,10.0
2022,TG Southee,12,0,0.0
2022,TH David,91,28,30.77
2022,TL Seifert,21,4,19.05
2022,TS Mills,3,0,0.0
2022,Tilak Varma,313,45,14.38
2022,UT Yadav,41,8,19.51
2022,Umran Malik,8,0,0.0
2022,V Kohli,306,40,13.07
2022,V Shankar,36,1,2.78
2022,VG Arora,14,0,0.0
2022,VR Iyer,175,24,13.71
2022,WP Saha,266,47,17.67
2022,Washington Sundar,76,12,15.79
2022,YBK Jaiswal,198,38,19.19
2022,YS Chahal,8,0,0.0
2022,Yash Dayal,1,0,0.0
2023,A Badoni,186,25,13.44
2023,A Manohar,86,13,15.12
2023,A Mishra,30,2,6.67
2023,A Nortje,29,6,20.69
2023,A Zampa,17,0,0.0
2023,AD Russell,162,31,19.14
2023,AJ Hosein,11,2,18.18
2023,AK Markram,200,26,13.0
2023,AM Rahane,193,40,20.73
2023,AR Patel,216,36,16.67
2023,AS Joseph,12,1,8.33
2023,AS Roy,19,3,15.79
2023,AT Rayudu,115,19,16.52
2023,AU Rashid,17,3,17.65
2023,Abdul Basith,1,0,0.0
2023,Abdul Samad,131,21,16.03
2023,Abhishek Sharma,166,34,20.48
2023,Abishek Porel,31,3,9.68
2023,Akash Deep,8,3,37.5
2023,Aman Hakim Khan,106,13,12.26
2023,Anmolpreet Singh,83,17,20.48
2023,Anuj Rawat,72,10,13.89
2023,Arjun Tendulkar,9,1,11.11
2023,Arshad Khan,15,1,6.67
2023,Arshdeep Singh,2,0,0.0
2023,Atharva Taide,136,26,19.12
2023,Avesh Khan,1,0,0.0
2023,B Kumar,49,4,8.16
2023,B Sai Sudharsan,264,45,17.05
2023,BA Stokes,15,2,13.33
2023,C Green,287,62,21.6
2023,C Sakariya,6,1,16.67
2023,CJ Jordan,13,0,0.0
2023,CV Varun,11,0,0.0
2023,D Padikkal,206,37,17.96
2023,D Wiese,11,3,27.27
2023,DA Miller,184,31,16.85
2023,DA Warner,406,79,19.46
2023,DG Nalkande,1,0,0.0
2023,DJ Hooda,93,5,5.38
2023,DJ Willey,32,4,12.5
2023,DL Chahar,2,0,0.0
2023,DP Conway,493,95,19.27
2023,Dhruv Jurel,93,20,21.51
2023,F du Plessis,483,96,19.88
2023,Fazalhaq Farooqi,5,0,0.0
2023,GD Phillips,22,6,27.27
2023,GJ Maxwell,225,60,26.67
2023,H Klaasen,262,57,21.76
2023,HC Brook,159,27,16.98
2023,HH Pandya,254,41,16.14
2023,HR Shokeen,19,4,21.05
2023,HV Patel,6,1,16.67
2023,Harpreet Brar,42,7,16.67
2023,Harpreet Singh,59,11,18.64
2023,Harshit Rana,1,0,0.0
2023,I Sharma,1,0,0.0
2023,Ishan Kishan,325,72,22.15
2023,JC Archer,4,0,0.0
2023,JC Buttler,298,56,18.79
2023,JD Unadkat,7,1,14.29
2023,JE Root,15,1,6.67
2023,JJ Roy,196,48,24.49
2023,JM Sharma,205,43,20.98
2023,JO Holder,12,1,8.33
2023,JP Behrendorff,9,0,0.0
2023,JR Hazlewood,2,0,0.0
2023,K Gowtham,44,7,15.91
2023,K Kartikeya,7,1,14.29
2023,K Rabada,2,0,0.0
2023,KD Karthik,106,18,16.98
2023,KH Pandya,172,21,12.21
2023,KL Rahul,247,32,12.96
2023,KM Asif,2,0,0.0
2023,KM Jadhav,10,1,10.0
2023,KR Mayers,276,60,21.74
2023,KS Sharma,21,0,0.0
2023,KV Sharma,5,0,0.0
2023,Kuldeep Yadav,50,2,4.0
2023,LS Livingstone,175,39,22.29
2023,Lalit Yadav,62,8,12.9
2023,Liton Das,4,1,25.0
2023,M Jansen,45,4,8.89
2023,M Markande,14,3,21.43
2023,M Shahrukh Khan,100,22,22.0
2023,M Vohra,11,1,9.09
2023,MA Agarwal,219,35,15.98
2023,MA Wood,5,2,40.0
2023,MD Shanaka,26,3,11.54
2023,MG Bracewell,49,7,14.29
2023,MJ Santner,4,0,0.0
2023,MK Lomror,101,17,16.83
2023,MK Pandey,149,18,12.08
2023,MM Ali,92,18,19.57
2023,MM Sharma,1,0,0.0
2023,MP Stoinis,281,55,19.57
2023,MR Marsh,97,18,18.56
2023,MS Dhoni,63,13,20.63
2023,MW Short,99,19,19.19
2023,Mandeep Singh,16,1,6.25
2023,Mohammed Shami,8,1,12.5
2023,Mohammed Siraj,2,0,0.0
2023,Mohit Rathee,2,0,0.0
2023,Mohsin Khan,7,0,0.0
2023,Mukesh Kumar,10,0,0.0
2023,Mustafizur Rahman,1,0,0.0
2023,N Jagadeesan,84,15,17.86
2023,N Pooran,217,52,23.96
2023,N Rana,303,59,19.47
2023,N Wadhera,171,35,20.47
2023,NT Ellis,7,0,0.0
2023,Naveen-ul-Haq,22,2,9.09
2023,Noor Ahmad,9,1,11.11
2023,P Dubey,20,2,10.0
2023,P Simran Singh,245,57,23.27
2023,PBB Rajapaksa,64,8,12.5
2023,PD Salt,135,34,25.19
2023,PK Garg,23,1,4.35
2023,PN Mankad,74,14,18.92
2023,PP Chawla,22,2,9.09
2023,PP Shaw,90,17,18.89
2023,PWH de Silva,30,3,10.0
2023,Q de Kock,103,18,17.48
2023,R Ashwin,55,8,14.55
2023,R Dhawan,12,2,16.67
2023,R Parag,68,9,13.24
2023,R Powell,9,1,11.11
2023,R Shepherd,1,0,0.0
2023,R Tewatia,61,10,16.39
2023,RA Jadeja,138,20,14.49
2023,RA Tripathi,217,39,17.97
2023,RD Chahar,10,0,0.0
2023,RD Gaikwad,411,76,18.49
2023,RG Sharma,258,52,20.16
2023,RK Singh,333,60,18.02
2023,RP Meredith,2,0,0.0
2023,RR Rossouw,148,28,18.92
2023,RV Patel,44,4,9.09
2023,Rahmanullah Gurbaz,178,32,17.98
2023,Rashid Khan,66,21,31.82
2023,Ravi Bishnoi,28,1,3.57
2023,S Dhawan,275,61,22.18
2023,S Dube,277,47,16.97
2023,SA Yadav,340,93,27.35
2023,SM Curran,213,33,15.49
2023,SN Khan,62,5,8.06
2023,SN Thakur,72,17,23.61
2023,SO Hetmyer,205,35,17.07
2023,SP Narine,28,3,10.71
2023,SS Prabhudessai,32,3,9.38
2023,SV Samson,240,49,20.42
2023,Sandeep Sharma,7,0,0.0
2023,Sanvir Singh,9,2,22.22
2023,Shahbaz Ahmed,41,4,9.76
2023,Shubman Gill,582,118,20.27
2023,Sikandar Raza,104,16,15.38
2023,Swapnil Singh,4,0,0.0
2023,T Stubbs,31,2,6.45
2023,TA Boult,17,2,11.76
2023,TH David,155,27,17.42
2023,TU Deshpande,1,0,0.0
2023,Tilak Varma,226,49,21.68
2023,UT Yadav,20,1,5.0
2023,Umran Malik,8,3,37.5
2023,V Kohli,473,81,17.12
2023,V Shankar,199,42,21.11
2023,VG Arora,2,0,0.0
2023,VR Iyer,288,53,18.4
2023,Vijaykumar Vyshak,10,1,10.0
2023,Vishnu Vinod,32,4,12.5
2023,Vivrant Sharma,49,11,22.45
2023,WD Parnell,6,0,0.0
2023,WP Saha,297,55,18.52
2023,Washington Sundar,62,6,9.68
2023,YBK Jaiswal,397,109,27.46
2023,YV Dhull,23,1,4.35
2023,Yudhvir Singh,2,0,0.0
2024,A Badoni,180,27,15.0
2024,A Kamboj,2,0,0.0
2024,A Manohar,16,1,6.25
2024,A Nortje,9,0,0.0
2024,A Raghuvanshi,109,24,22.02
2024,AA Kulkarni,8,2,25.0
2024,AD Russell,141,36,25.53
2024,AJ Turner,20,2,10.0
2024,AK Markram,187,22,11.76
2024,AM Rahane,200,31,15.5
2024,AR Patel,183,29,15.85
2024,AS Roy,3,0,0.0
2024,Abdul Samad,113,26,23.01
2024,Abhishek Sharma,248,78,31.45
2024,Abishek Porel,213,49,23.0
2024,Akash Deep,2,0,0.0
2024,Akash Madhwal,5,0,0.0
2024,Anmolpreet Singh,7,1,14.29
2024,Anuj Rawat,80,13,16.25
2024,Arshad Khan,52,10,19.23
2024,Arshad Khan (2),4,1,25.0
2024,Arshdeep Singh,4,1,25.0
2024,Ashutosh Sharma,118,25,21.19
2024,Atharva Taide,41,9,21.95
2024,Avesh Khan,5,1,20.0
2024,Azmatullah Omarzai,34,4,11.76
2024,B Kumar,30,3,10.0
2024,B Sai Sudharsan,388,65,16.75
2024,BR Sharath,5,0,0.0
2024,C Green,185,32,17.3
2024,D Brevis,60,8,13.33
2024,D Ferreira,11,0,0.0
2024,D Padikkal,60,3,5.0
2024,DA Miller,149,28,18.79
2024,DA Warner,130,27,20.77
2024,DG Nalkande,11,1,9.09
2024,DJ Hooda,107,19,17.76
2024,DJ Mitchell,228,37,16.23
2024,Dhruv Jurel,144,25,17.36
2024,F du Plessis,276,68,24.64
2024,G Coetzee,22,1,4.55
2024,GJ Maxwell,46,8,17.39
2024,Gulbadin Naib,15,2,13.33
2024,H Klaasen,293,57,19.45
2024,HH Pandya,154,28,18.18
2024,HV Patel,19,2,10.53
2024,Harpreet Brar,59,10,16.95
2024,Harpreet Singh,34,2,5.88
2024,I Sharma,8,0,0.0
2024,Ishan Kishan,222,51,22.97
2024,J Fraser-McGurk,150,60,40.0
2024,JA Richardson,2,0,0.0
2024,JC Buttler,266,48,18.05
2024,JD Unadkat,27,3,11.11
2024,JJ Bumrah,12,1,8.33
2024,JM Bairstow,197,47,23.86
2024,JM Sharma,147,21,14.29
2024,K Rabada,17,2,11.76
2024,KA Maharaj,2,0,0.0
2024,KD Karthik,195,49,25.13
2024,KH Pandya,112,13,11.61
2024,KL Rahul,398,64,16.08
2024,KS Williamson,27,4,14.81
2024,KV Sharma,16,5,31.25
2024,Kuldeep Yadav,44,7,15.91
2024,Kumar Kushagra,7,0,0.0
2024,L Wood,3,1,33.33
2024,LB Williams,2,0,0.0
2024,LH Ferguson,1,0,0.0
2024,LS Livingstone,82,15,18.29
2024,Lalit Yadav,12,1,8.33
2024,M Jansen,15,2,13.33
2024,M Shahrukh Khan,77,18,23.38
2024,MA Agarwal,59,9,15.25
2024,MA Starc,11,1,9.09
2024,MJ Santner,18,1,5.56
2024,MJ Suthar,2,0,0.0
2024,MK Lomror,74,18,24.32
2024,MK Pandey,33,4,12.12
2024,MM Ali,105,15,14.29
2024,MM Sharma,16,0,0.0
2024,MP Stoinis,272,55,20.22
2024,MR Marsh,41,12,29.27
2024,MS Dhoni,82,27,32.93
2024,MS Wade,7,0,0.0
2024,Mayank Dagar,1,0,0.0
2024,Mohammad Nabi,31,4,12.9
2024,Mohammed Siraj,9,2,22.22
2024,Mohsin Khan,1,0,0.0
2024,Mukesh Kumar,10,0,0.0
2024,N Pooran,296,71,23.99
2024,N Rana,35,6,17.14
2024,N Wadhera,90,15,16.67
2024,Naman Dhir,84,22,26.19
2024,Naveen-ul-Haq,4,0,0.0
2024,Nithish Kumar Reddy,221,36,16.29
2024,Noor Ahmad,9,1,11.11
2024,P Simran Singh,216,54,25.0
2024,PD Salt,250,74,29.6
2024,PJ Cummins,99,17,17.17
2024,PP Chawla,15,2,13.33
2024,PP Shaw,125,35,28.0
2024,Q de Kock,194,38,19.59
2024,R Ashwin,76,9,11.84
2024,R Parag,407,73,17.94
2024,R Powell,71,16,22.54
2024,R Ravindra,146,34,23.29
2024,R Sai Kishore,6,2,33.33
2024,R Shepherd,24,10,41.67
2024,R Tewatia,139,29,20.86
2024,RA Jadeja,191,30,15.71
2024,RA Tripathi,121,24,19.83
2024,RD Chahar,15,4,26.67
2024,RD Gaikwad,425,76,17.88
2024,RG Sharma,293,68,23.21
2024,RJ Gleeson,2,0,0.0
2024,RJW Topley,6,0,0.0
2024,RK Bhui,9,0,0.0
2024,RK Singh,117,21,17.95
2024,RM Patidar,237,54,22.78
2024,RR Pant,296,61,20.61
2024,RR Rossouw,122,36,29.51
2024,Rahmanullah Gurbaz,50,11,22.0
2024,Ramandeep Singh,64,17,26.56
2024,Rashid Khan,75,14,18.67
2024,Rasikh Salam,30,4,13.33
2024,Ravi Bishnoi,6,0,0.0
2024,S Dhawan,125,22,17.6
2024,S Dube,259,56,21.62
2024,SA Yadav,209,54,25.84
2024,SB Dubey,21,5,23.81
2024,SD Hope,125,24,19.2
2024,SH Johnson,7,1,14.29
2024,SM Curran,230,30,13.04
2024,SN Thakur,18,3,16.67
2024,SO Hetmyer,72,16,22.22
2024,SP Narine,292,83,28.42
2024,SS Iyer,250,48,19.2
2024,SS Prabhudessai,19,3,15.79
2024,SV Samson,367,72,19.62
2024,SZ Mulani,1,0,0.0
2024,Sameer Rizvi,43,6,13.95
2024,Sanvir Singh,13,1,7.69
2024,Saurav Chauhan,16,2,12.5
2024,Shahbaz Ahmed,173,20,11.56
2024,Shashank Singh,225,49,21.78
2024,Shivam Singh,3,0,0.0
2024,Shubman Gill,295,52,17.63
2024,Sikandar Raza,39,4,10.26
2024,Sumit Kumar,26,3,11.54
2024,Swapnil Singh,22,6,27.27
2024,T Kohler-Cadmore,54,8,14.81
2024,T Stubbs,204,50,24.51
2024,TA Boult,16,2,12.5
2024,TH David,168,29,17.26
2024,TM Head,307,96,31.27
2024,TU Deshpande,2,0,0.0
2024,Tanush Kotian,32,3,9.38
2024,Tilak Varma,291,54,18.56
2024,UT Yadav,15,1,6.67
2024,V Kohli,497,100,20.12
2024,V Shankar,75,9,12.0
2024,V Viyaskanth,5,0,0.0
2024,VG Arora,1,0,0.0
2024,VR Iyer,238,54,22.69
2024,Vijaykumar Vyshak,3,0,0.0
2024,WG Jacks,133,34,25.56
2024,WP Saha,120,21,17.5
2024,Washington Sundar,1,0,0.0
2024,YBK Jaiswal,288,70,24.31
2024,Yudhvir Singh,14,3,21.43
